district_code,attendance,absences,absent_10_plus,chronically_absent_10_plus,unexcused_9,college_pct,in_school_susp,out_school_susp,expulsion,alternate_setting,emergency_removal,stud_african_american_pct,stud_asian_pct,stud_hispanic_pct,stud_white_pct,stud_amerind_pct,stud_pacisl_pct,stud_multi_pct,teach_exemplary_pct,teach_proficient_pct,teach_ni_pct,teach_unsat_pct,grad_pct,m_e_pct_ela,score_ela,m_e_pct_math,score_math,ppe,retained_pct,salary,sat_verbal,sat_math,classes,class_size,enrollment,female_pct,male_pct,ell_pct,disability_pct,low_income_pct,teach_african_american_pct,teach_asian_pct,teach_hispanic_pct,teach_white_pct,teach_amerind_pct,teach_pacisl_pct,teach_multi_pct,teach_female_pct,teach_male_pct,teach_licensed_pct,stratio,students,students_disciplined,pct_one_day,pct_two_days,pct_4_days,pct_8_days,pct_10_days,type,median_income
4450000,97,5,15,2,15,88,0,2,0,0,0,51,3,23,20,0,0,3,8,90,2,0,99,44,497,37,495,,85,,536,526,698,19,1420,54,46,9,12,36,,,,,,,,,,95,12,1440,      35,1,1,1,0,0,Charter,
10000,95,9,34,11,19,70,2,2,0,0,0,4,2,8,85,0,0,1,13,86,1,1,92,55,502,48,499,14574,94,79107,550,535,1073,21,2087,50,50,6,14,22,1,0,2,96,0,0,0,84,16,100,17,2122,      75,1,1,1,0,0,District,35787
4120000,95,9,35,12,19,89,1,8,0,0,1,61,1,27,9,0,0,2,11,71,18,0,97,44,497,33,492,,62,,,,167,21,521,51,49,13,26,35,23,5,10,55,0,0,7,68,32,77,11,538,      45,4,2,2,0,1,Charter,
6000000,96,7,24,6,0,90,0,1,0,0,0,2,33,5,55,0,0,5,13,87,0,0,96,73,513,72,513,15198,89,82318,656,684,2179,21,5658,48,52,5,15,6,0,3,1,95,0,0,0,87,13,100,15,5726,      43,0,1,0,0,0,District,56546
30000,96,7,25,5,19,,2,0,0,0,0,1,0,3,93,0,0,3,7,84,9,0,,52,501,51,501,12398,89,71477,,,435,19,989,48,52,1,14,23,2,0,0,98,0,0,0,85,15,100,13,991,      15,1,0,0,0,0,District,
6030000,94,10,35,14,30,66,4,3,0,0,0,4,1,3,90,0,0,2,13,85,2,0,88,40,494,24,487,13771,85,77014,522,522,742,17,1205,49,51,1,26,48,0,0,0,99,0,0,1,82,18,99,15,1282,      75,3,2,1,0,0,District,29489
4300000,96,7,19,5,11,90,1,1,0,0,0,2,17,6,68,0,0,7,-50,-50,-50,-50,-50,-50,510,-50,509,,-50,,631,676,489,19,983,-50,-50,-50,-50,-50,-50,-50,-50,-50,-50,-50,-50,-50,-50,-50,12,1000,      16,1,1,0,0,0,Charter,
50000,95,9,33,10,21,78,2,1,0,0,0,2,3,8,84,0,0,3,12,88,0,0,93,50,499,53,500,15721,95,69650,548,555,2618,16,3879,48,52,5,16,29,1,0,1,98,0,0,0,83,17,100,12,4002,     104,1,1,0,0,0,District,31055
4090000,97,6,21,3,14,,6,9,0,0,0,16,0,59,24,1,0,0,,,,,,50,501,54,501,,63,,,,131,19,398,55,45,23,16,56,5,2,12,82,0,0,0,72,28,52,12,419,      49,5,4,2,1,0,Charter,
70000,94,10,37,14,14,81,1,1,0,0,0,2,1,8,85,0,0,4,22,75,4,0,83,47,499,43,495,15866,92,76997,571,574,1136,17,2166,47,53,1,21,22,0,0,1,99,0,0,1,82,18,100,12,2227,      45,1,1,0,0,0,District,36209
80000,95,8,29,10,5,,,,,,,9,14,21,47,0,0,8,27,69,3,1,,50,501,47,497,21134,87,73844,,,312,20,1162,48,52,17,22,34,7,3,12,75,0,0,3,83,17,100,9,1220,       4,,,,,,District,
6050000,94,11,37,16,11,80,1,3,0,0,0,8,9,17,58,0,0,9,34,64,1,0,91,57,501,54,500,21382,88,82327,604,591,939,14,1345,48,52,7,20,25,12,1,11,73,0,0,2,66,34,99,12,1388,      50,1,2,1,0,0,District,
90000,96,8,28,8,6,88,1,1,0,0,0,2,18,6,70,0,0,3,18,80,2,0,94,68,509,64,508,17040,90,84838,600,603,2710,18,6004,50,50,4,19,7,0,2,3,95,0,0,0,85,15,100,13,6088,      82,0,1,0,0,0,District,52496
35090000,95,10,41,17,30,,19,7,0,0,1,11,2,19,63,0,0,6,,,,,,26,487,31,489,,58,,,,135,25,410,46,54,25,23,53,5,6,4,83,0,0,2,69,31,83,12,418,      84,8,7,4,1,0,Charter,
100000,96,7,23,8,4,82,0,1,0,0,0,4,13,6,71,0,0,6,0,98,2,0,93,70,511,66,508,14223,88,70251,610,602,2562,18,5743,50,50,5,16,8,2,2,3,92,0,0,1,80,20,100,14,5881,      79,0,0,0,0,0,District,52813
6100000,96,7,22,5,18,86,4,1,0,0,0,1,1,5,91,0,0,3,20,78,2,0,96,53,501,49,499,12373,94,70190,549,547,1428,19,2380,50,50,2,19,15,1,0,1,97,0,0,1,77,23,100,15,2436,      98,1,2,1,1,0,District,44592
140000,96,7,20,6,4,86,1,2,0,0,0,3,15,12,67,1,0,3,17,81,1,0,95,63,-9999,60,-9999,13761,92,79826,-9999,-9999,1306,18,2803,50,50,5,16,13,0,1,2,98,0,0,0,82,18,100,14,2848,      68,1,1,1,0,0,District,50067
8010000,95,9,33,12,26,49,5,5,0,0,0,1,1,17,79,0,0,3,11,87,2,0,95,,,,,19644,94,81378,513,498,648,17,1111,41,59,3,29,22,1,1,4,94,0,0,0,50,50,99,10,1123,     107,5,2,2,0,1,Vocational Technical,
6150000,92,14,52,27,22,53,5,3,0,0,0,1,1,9,85,0,0,3,2,93,4,1,75,36,492,33,490,13901,77,65972,531,515,649,17,1544,47,53,3,28,48,2,0,1,97,0,0,0,81,19,99,14,1604,     117,2,3,2,0,0,District,26736
4910000,94,11,44,19,27,84,6,4,0,0,0,6,2,11,78,0,0,4,,,,,88,45,497,40,495,,68,,523,494,502,24,1207,53,47,10,13,40,1,1,0,96,1,0,1,84,16,82,14,1232,      96,3,3,2,0,0,Charter,
160000,95,9,32,13,17,62,3,5,0,0,0,6,5,15,68,0,0,6,11,85,4,0,91,53,502,47,498,13315,94,84669,555,546,2631,22,6026,48,53,6,16,30,1,0,2,96,0,0,1,83,17,99,16,6214,     394,2,2,1,0,1,District,33534
170000,95,8,30,9,17,78,2,2,0,0,0,2,4,9,82,0,0,4,9,89,1,1,93,58,503,51,501,13250,96,70944,551,540,1271,-12589,-12589,50,50,4,10,17,1,1,1,96,0,0,1,85,15,100,14,-12589,      77,1,1,1,0,0,District,34463
180000,95,9,33,12,21,92,0,3,0,0,1,31,5,9,50,0,0,6,9,90,1,0,88,57,502,41,496,16905,94,70415,513,497,322,14,733,46,53,4,17,28,4,2,2,92,0,0,0,83,17,100,11,758,      26,1,2,1,0,0,District,33908
6160000,95,9,32,10,7,80,3,1,0,0,0,4,3,11,76,1,0,6,11,87,2,0,91,46,498,39,495,14660,88,61458,554,551,880,19,1712,48,52,4,17,24,1,1,2,95,0,0,0,79,21,99,12,1772,      68,2,1,1,0,0,District,38785
200000,94,10,39,15,24,71,2,2,0,0,0,8,2,15,69,0,0,5,20,79,2,0,88,47,498,44,497,15580,85,77135,566,557,1994,17,4885,49,51,11,16,31,1,1,1,96,0,0,0,82,18,100,14,5183,     178,1,1,1,0,0,District,30361
4270000,95,10,42,12,36,,,,,,,18,3,29,46,0,0,4,21,76,0,3,,64,507,67,507,,92,,,,87,20,299,49,52,21,10,39,0,0,2,94,1,0,2,98,2,100,12,308,       0,,,,,,Charter,
35020000,999,999,999,999,999,999,999,999,999,0,0,25,1,68,5,0,0,1,,,,,,19,484,19,483,,62,,443,453,297,16,447,50,50,13,19,68,22,1,4,69,1,1,0,52,48,66,9,466,      41,3,3,2,0,0,Charter,
230000,96,7,22,7,2,83,1,2,0,0,0,6,17,6,65,0,0,6,0,97,2,0,95,70,511,68,510,17852,92,86324,596,592,1147,17,2664,49,51,6,16,9,2,1,2,94,0,0,0,79,21,99,11,2716,      59,1,1,0,0,1,District,54750
240000,95,9,32,10,20,83,3,1,0,0,0,2,2,5,88,0,0,3,8,91,1,0,94,46,498,38,494,13025,90,65670,570,569,1167,18,2328,49,51,1,18,18,0,0,2,98,0,0,0,82,18,100,14,2387,      94,2,1,1,0,0,District,36572
250000,95,9,32,12,23,57,1,2,0,0,0,2,3,5,88,0,0,2,12,88,1,0,89,44,497,41,496,14696,88,75911,534,534,863,18,2279,49,51,2,19,18,0,1,0,99,0,0,0,83,17,100,13,2354,      47,1,1,1,0,0,District,40845
260000,97,6,17,4,5,83,0,1,0,0,0,3,20,4,65,0,0,7,10,88,2,0,98,78,516,78,517,13582,89,85906,618,638,1788,22,4624,49,51,8,9,7,1,3,2,92,0,0,2,81,19,100,17,4698,      51,1,0,0,0,0,District,53137
4200000,95,10,37,13,1,,1,2,0,0,0,83,1,11,2,0,1,2,11,90,0,0,,68,512,65,507,,79,,,,65,23,350,51,49,5,17,50,45,4,4,48,0,0,0,85,15,100,20,361,      11,1,1,0,0,0,Charter,
4470000,96,7,25,8,25,,1,2,0,0,1,2,23,4,67,0,0,4,,,,,,75,513,73,512,,82,,,,154,25,445,51,49,6,12,7,0,0,0,100,0,0,0,91,9,90,15,455,      12,2,0,0,0,0,Charter,
35110000,95,8,32,10,19,,,,,,,12,2,58,25,0,0,3,,,,,,33,496,31,491,,90,,,,146,16,281,50,50,21,18,64,2,2,2,94,0,0,0,86,14,100,12,302,       2,,,,,,Charter,
270000,96,7,27,6,21,,1,1,0,0,0,0,0,2,94,0,0,4,32,66,1,0,,55,503,50,500,11466,91,74518,,,252,20,918,51,49,1,15,16,0,0,0,100,0,0,0,90,10,100,15,931,      16,1,0,0,0,0,District,
4140000,94,10,38,18,24,97,4,4,0,0,0,12,3,9,70,0,0,6,,,,,91,48,500,48,501,,73,,568,533,138,18,358,49,51,1,22,39,0,0,3,95,0,0,2,70,30,62,11,368,      26,3,2,1,1,0,Charter,
6180000,92,14,51,25,8,71,,,,,,2,3,9,81,0,0,5,23,75,2,0,90,47,498,38,495,19442,90,71254,594,560,887,15,1258,48,52,3,18,27,1,1,1,96,0,0,1,75,25,99,11,1287,       5,,,,,,District,28454
280000,96,6,21,3,2,,,,,,,1,2,4,89,0,0,4,7,86,7,0,,60,503,65,502,19075,86,77874,,,122,15,189,44,56,3,16,15,0,0,0,100,0,0,0,91,9,100,10,191,       3,,,,,,District,
6200000,96,8,27,7,0,80,0,3,0,0,0,2,4,3,88,0,0,3,10,88,2,0,98,53,502,54,502,15316,94,69677,570,592,289,17,590,46,54,2,16,11,0,0,0,99,0,0,1,73,27,100,12,598,      18,1,2,1,0,0,District,
300000,95,9,31,13,18,73,3,3,0,0,0,3,2,13,77,0,0,4,13,85,3,0,88,56,502,51,500,13964,91,71528,565,551,1219,20,4546,48,52,4,20,25,0,0,1,99,0,0,0,84,16,99,14,4650,     206,2,1,1,0,0,District,32301
310000,96,7,24,8,15,76,0,2,0,0,0,5,8,7,78,0,0,3,20,79,1,0,87,52,501,50,500,15899,92,82312,547,555,2303,18,4777,49,51,2,17,16,0,0,0,99,0,0,0,85,15,99,13,4925,      77,0,1,0,0,0,District,38646
8050000,96,7,24,5,7,80,1,1,0,0,0,1,2,4,91,0,0,1,26,73,2,0,100,,,,,19092,90,81380,562,552,679,17,1219,50,50,0,9,9,0,0,1,99,0,0,0,58,42,98,12,1228,      28,1,1,0,0,0,Vocational Technical,
6220000,95,9,32,10,10,65,3,2,0,0,0,1,1,7,87,0,0,4,19,80,1,0,87,44,497,41,496,13354,86,66814,537,535,809,19,1695,49,51,2,16,20,0,0,2,98,0,0,0,85,15,100,14,1743,      70,1,1,1,0,0,District,37727
8060000,95,9,45,6,45,59,0,3,0,0,0,23,1,13,58,1,0,4,4,95,1,0,98,,,,,22031,90,79990,505,497,427,15,841,45,55,1,26,22,2,1,2,94,0,0,1,53,47,99,10,859,      24,0,2,1,0,0,Vocational Technical,
350000,92,14,47,26,34,66,0,2,0,0,0,31,9,42,15,0,0,3,21,76,3,0,75,34,491,32,489,20201,84,99368,496,513,23675,18,54060,48,52,30,20,56,27,5,13,52,0,0,2,75,25,95,12,56325,"   1,293",1,1,0,0,0,District,30158
4490000,94,10,42,12,20,86,1,6,0,0,0,32,2,18,45,0,0,2,,,,,97,44,497,43,498,,79,,550,561,247,21,710,51,49,4,18,29,12,3,17,63,0,0,6,69,31,78,11,715,      45,2,3,0,0,0,Charter,
4240000,60,54,91,91,0,32,0,2,0,0,0,47,1,43,6,1,0,3,23,77,0,0,8,,,,,,83,,472,461,311,16,512,54,46,6,24,56,29,8,16,46,2,0,0,67,33,89,16,530,      11,0,2,0,0,0,Charter,
4110000,92,15,53,31,43,70,0,10,0,0,0,45,3,40,9,0,0,3,20,80,0,0,76,25,484,9,478,,77,,431,429,258,14,457,48,52,15,30,62,29,3,14,54,0,0,0,68,32,87,12,526,      51,1,5,3,0,0,Charter,
4160000,94,11,40,18,35,85,8,7,0,0,0,65,2,29,1,0,0,3,9,46,39,7,84,38,494,41,495,,60,,489,517,97,37,489,49,52,16,23,37,25,2,12,59,0,0,2,67,33,86,10,482,      59,6,4,2,0,1,Charter,
4810000,94,11,44,19,39,,1,3,0,0,0,63,0,31,2,0,0,4,24,63,13,0,,32,493,36,492,,72,,,,236,19,934,52,48,12,14,49,21,6,2,71,0,0,1,83,17,93,12,962,      33,2,1,0,0,0,Charter,
360000,95,9,35,11,0,73,2,3,0,0,0,2,2,6,87,1,0,3,27,70,3,0,92,48,499,39,494,15423,88,84685,552,545,1064,18,1974,50,50,1,16,26,0,0,0,98,0,0,1,84,16,98,13,2033,      84,1,1,1,1,0,District,31828
380000,97,6,19,3,0,,,,,,,1,5,2,87,0,0,6,9,91,0,0,,71,508,67,507,17245,90,86697,,,312,15,733,49,51,1,19,4,0,0,0,100,0,0,0,92,8,100,12,734,       1,,,,,,District,
390000,97,6,20,1,10,,,,,,,1,5,6,83,0,0,4,7,90,3,0,,74,509,63,504,12970,96,75387,,,158,19,303,52,48,2,16,8,0,1,0,96,0,0,3,92,8,100,13,310,       4,,,,,,District,
400000,96,7,26,8,0,84,0,1,0,0,0,5,20,5,69,0,0,2,14,84,2,0,93,65,508,59,505,14536,93,2000000,570,583,3046,18,5886,50,51,6,20,18,1,1,0,98,0,0,0,83,17,100,14,6026,      84,0,1,0,0,0,District,2000000
410000,95,8,34,8,5,,,,,,,2,1,7,86,0,0,5,59,37,3,0,,59,504,59,503,19172,79,78928,,,257,19,484,50,50,4,20,24,0,0,1,99,0,0,0,96,4,100,11,495,       5,,,,,,District,
4170000,95,8,33,11,17,,3,11,0,0,0,65,1,29,1,0,0,3,,,,,,39,496,30,488,,65,,,,80,18,314,51,49,23,24,59,24,1,7,64,1,0,2,84,16,73,10,317,      37,6,4,2,0,0,Charter,
6250000,96,8,31,7,0,78,1,2,0,0,0,5,2,1,87,0,0,4,14,85,1,0,94,57,504,58,503,13033,93,82772,555,561,1929,20,5404,49,52,2,16,16,1,0,1,98,0,0,0,83,17,100,16,5481,     158,1,1,1,0,0,District,30660
430000,96,7,25,7,25,,,,,,,2,1,2,94,1,0,0,3,97,0,0,,64,506,69,508,14995,89,73615,,,85,18,300,50,50,0,17,18,0,0,0,100,0,0,0,91,9,100,12,307,       2,,,,,,District,
9100000,99,1,1,1,0,61,1,2,0,0,0,1,0,4,93,0,0,1,18,79,3,0,100,,,,,19803,92,69357,542,525,322,18,455,71,29,0,12,20,0,0,7,93,0,0,0,57,43,97,13,455,      14,2,1,0,0,0,Agricultural,
8100000,96,8,27,7,27,54,10,3,0,0,0,3,1,7,85,1,0,3,3,94,3,0,95,,,,,18334,93,88171,519,506,992,17,1268,43,57,0,13,24,1,0,1,97,1,0,0,62,38,100,13,1286,     153,5,3,3,1,1,Vocational Technical,
440000,93,12,45,23,0,62,7,7,0,0,1,59,2,16,18,0,0,5,11,85,3,1,74,26,487,20,484,14662,90,89725,501,488,7952,20,17096,48,52,24,16,52,13,1,4,80,0,0,2,80,20,99,17,17784,"   1,946",3,3,3,1,1,District,25522
4280000,96,8,31,8,7,,5,11,0,0,0,53,2,39,5,0,0,2,,,,,,63,507,71,509,,72,,,,716,20,1738,52,48,8,11,45,20,2,13,64,0,0,1,81,19,68,12,1780,     243,5,4,3,1,1,Charter,
450000,96,7,25,6,12,,,,,,,0,0,6,90,0,0,4,,,,,,57,505,57,504,11339,92,64484,,,77,20,317,49,51,0,15,27,0,0,0,100,0,0,0,92,8,100,14,325,       1,,,,,,District,
460000,96,8,26,8,10,76,1,1,0,0,0,6,20,11,54,0,0,10,1,98,1,0,93,75,515,73,512,19528,85,101413,622,637,4311,17,7779,49,51,11,16,10,6,5,4,83,0,0,1,80,20,99,12,8097,     102,0,1,0,0,0,District,51705
480000,96,8,28,9,7,85,0,1,0,0,0,6,17,6,66,0,0,4,13,81,6,1,95,52,501,56,503,20606,93,101854,562,562,2033,17,3567,50,50,5,12,11,0,2,1,96,0,0,0,84,16,100,11,3641,      41,0,0,1,0,0,District,39447
490000,94,11,39,18,11,72,1,2,0,0,0,24,13,14,41,0,0,9,21,72,7,0,88,60,507,52,501,28638,87,88737,570,572,3783,15,7014,49,51,9,21,28,15,5,7,72,0,0,0,79,21,98,10,7246,     182,1,1,0,0,0,District,36952
500000,96,7,25,7,2,86,1,1,0,0,0,11,11,5,68,0,0,6,9,87,4,0,98,68,508,63,507,15908,89,79839,576,584,2384,19,3335,50,50,3,12,14,3,1,2,93,0,0,1,83,17,100,14,3388,      54,1,1,0,0,0,District,51167
4320000,95,10,39,9,15,,,,,,,3,2,5,86,0,0,5,,,,,,69,507,56,502,,90,,,,174,16,243,55,45,2,16,17,0,0,0,99,0,0,1,82,18,87,11,248,       0,,,,,,Charter,
8150000,95,9,36,14,12,37,11,9,0,0,0,8,1,12,73,2,1,4,43,51,6,0,90,,,,,25358,86,74491,504,493,426,13,601,36,64,2,29,33,1,0,0,99,0,0,0,54,46,91,9,612,     103,7,3,4,1,2,Vocational Technical,
510000,96,7,24,5,4,,1,0,0,0,0,1,11,5,74,0,0,10,1,97,1,0,,79,515,80,515,20327,95,99727,,,236,18,622,46,54,3,17,4,1,3,0,96,0,0,0,83,17,100,11,628,       6,1,0,0,0,0,District,
520000,95,8,31,10,26,85,5,3,0,0,0,1,1,2,95,0,0,1,12,84,4,0,94,44,498,37,495,14834,95,68504,555,546,802,18,1570,50,50,1,21,21,2,1,1,94,0,0,0,82,18,100,12,1628,      97,2,1,2,0,1,District,33841
6350000,96,8,28,9,0,74,2,3,0,0,0,1,1,4,91,0,0,3,19,81,0,0,93,40,494,39,494,15344,92,71924,553,546,778,18,1618,49,52,1,15,30,0,0,0,99,0,0,1,81,19,100,13,1661,      68,1,2,1,0,0,District,29736
560000,96,7,22,7,6,89,1,1,0,0,0,3,15,6,73,0,0,3,10,90,1,0,93,67,509,61,507,14428,91,74592,581,592,2385,18,5042,48,52,4,16,12,1,3,1,96,0,0,0,83,17,100,13,5161,      82,1,0,0,0,0,District,47760
570000,93,13,42,22,37,59,0,4,0,0,0,5,1,87,7,0,0,1,2,87,10,1,59,29,488,28,487,14984,77,68209,481,468,1334,22,6479,47,53,38,15,62,1,2,17,79,0,1,0,82,18,98,14,6781,     247,2,2,1,0,0,District,24709
6320000,96,8,32,5,1,,,,,,,2,0,2,95,2,0,0,,,,,,55,503,43,498,16178,88,76768,,,64,14,138,51,49,0,28,26,0,0,0,100,0,0,0,91,9,100,10,142,       0,,,,,,District,
610000,94,11,42,18,32,60,3,4,0,0,0,4,2,38,52,0,0,3,13,85,2,0,81,41,495,40,495,14342,87,79321,539,527,2933,17,7741,47,53,6,19,51,2,0,4,94,0,0,0,81,19,98,13,8045,     465,2,2,1,1,1,District,26705
4180000,96,7,26,7,19,,6,3,0,0,0,3,4,13,75,0,0,5,,,,,,53,501,51,501,,64,,,,175,20,387,48,52,4,22,18,3,0,4,93,0,0,0,72,28,82,10,405,      29,4,2,1,0,0,Charter,
4370000,93,12,39,21,29,78,10,12,0,0,1,68,0,30,2,0,0,0,43,52,5,0,54,,,,,,55,,473,483,120,13,264,50,49,15,23,56,30,6,6,56,0,0,2,66,34,64,11,287,      57,9,7,2,1,0,Charter,
35040000,92,13,41,23,32,87,17,9,0,0,2,68,2,27,2,0,0,1,14,78,8,0,70,,,,,,46,,476,484,114,15,255,55,46,20,24,54,20,6,6,68,0,0,0,65,35,73,10,279,      58,10,7,4,0,0,Charter,
35070000,89,19,56,34,49,67,21,17,0,0,0,11,1,46,36,1,0,5,13,38,50,0,54,,,,,,30,,,,82,16,217,54,45,18,30,65,18,4,6,71,0,0,0,67,33,70,11,241,      68,10,8,8,1,2,Charter,
630000,96,8,31,7,3,,,,,,,0,0,1,96,0,0,3,5,91,5,0,,48,499,34,492,14003,78,64534,,,108,16,191,51,49,0,25,30,0,0,0,100,0,0,0,86,14,98,11,192,       2,,,,,,District,
640000,95,9,37,14,0,66,1,3,0,0,0,3,2,25,68,0,0,2,4,95,1,0,88,40,495,25,487,13518,89,67203,520,505,765,18,1899,47,53,9,22,34,0,0,3,94,0,0,2,82,18,100,13,1974,      80,1,1,2,0,0,District,31268
4380000,93,14,57,20,25,76,0,8,0,0,0,76,0,22,1,0,1,1,,,,,79,10,483,3,475,,60,,440,418,137,15,335,49,51,6,19,51,45,4,1,47,0,2,0,74,26,63,9,362,      31,4,2,1,0,1,Charter,
650000,96,8,28,5,16,90,0,1,0,0,0,3,2,1,92,0,0,1,6,92,1,1,98,73,510,61,504,16166,92,82273,593,591,876,19,1595,48,52,0,14,4,1,0,1,98,0,0,0,78,22,99,13,1589,      11,0,0,0,0,0,District,52058
35030000,97,6,22,6,8,,6,8,0,0,0,19,25,36,15,0,0,5,,,,,,36,494,28,490,,65,,,,212,28,739,51,49,21,14,36,4,6,12,77,0,0,1,85,15,83,19,786,      83,6,4,1,0,0,Charter,
4360000,95,9,34,14,4,90,5,12,1,0,1,65,5,21,4,1,0,4,,,,,91,53,501,51,500,,64,,509,542,193,13,355,52,48,3,18,30,18,4,18,53,1,0,5,62,38,78,9,372,      52,1,5,3,1,3,Charter,
4260000,97,6,19,4,0,,,,,,,1,1,96,3,0,0,0,9,60,32,0,,78,517,74,511,,69,,,,108,20,320,48,52,29,11,46,0,0,15,85,0,0,1,89,11,75,9,324,       0,,,,,,Charter,
4400000,96,7,28,6,0,,,,,,,1,0,97,2,0,0,0,6,54,40,0,,66,510,67,507,,63,,,,126,21,400,51,50,41,13,48,5,2,17,76,0,0,0,78,22,75,9,401,       0,,,,,,Charter,
4310000,96,7,24,5,0,,,,,,,1,1,94,4,0,0,1,9,61,30,0,,75,514,77,513,,60,,,,108,20,320,51,49,28,10,50,0,0,21,77,0,0,2,77,22,72,9,324,       3,,,,,,Charter,
670000,96,6,21,4,4,,0,0,0,0,0,4,7,6,76,0,0,6,11,88,1,0,,77,515,75,512,19173,89,98295,,,1130,16,2108,49,51,3,17,6,2,3,2,93,0,0,0,87,13,100,13,2148,      10,0,0,0,0,0,District,
6400000,95,8,30,9,0,87,0,4,0,0,0,4,9,5,78,0,0,5,5,94,1,0,98,,,,,22149,93,100222,631,644,886,16,1265,52,48,0,16,6,2,1,3,94,0,0,0,61,39,100,13,1277,      53,2,1,1,0,0,District,
4390000,95,8,32,12,22,,0,4,0,0,0,49,3,41,5,0,0,3,,,,,,41,497,30,491,,67,,,,74,18,448,55,46,17,13,43,27,1,13,56,1,0,1,63,37,74,18,475,      18,2,2,0,0,0,Charter,
680000,97,6,19,3,11,,,,,,,2,0,5,93,0,0,1,68,32,0,0,,76,512,72,508,18273,94,64761,,,103,16,140,44,56,0,21,27,0,0,0,100,0,0,0,87,13,100,11,144,       0,,,,,,District,
710000,95,9,33,11,3,84,1,1,0,0,0,2,3,8,84,0,0,3,9,90,1,0,92,47,499,42,496,15748,91,80084,548,549,1737,19,3505,49,52,1,16,15,0,1,1,98,0,0,0,82,18,99,13,3568,      60,1,0,0,0,0,District,36838
720000,96,7,21,6,13,85,0,1,0,0,0,1,1,4,88,0,0,6,5,94,1,0,93,57,503,51,500,13527,89,81956,564,546,1869,18,3699,47,53,3,15,21,1,0,0,99,0,0,1,80,20,99,14,3783,      35,0,0,0,0,0,District,24280
730000,94,10,34,13,11,77,2,3,0,0,0,7,3,16,70,0,0,4,1,97,1,0,89,50,499,54,501,19639,87,82488,558,574,1278,17,2723,48,52,8,23,22,1,1,1,96,0,0,0,84,16,100,12,2777,      95,1,1,1,0,0,District,42225
740000,96,8,32,6,2,,,,,,,0,1,6,86,0,0,7,19,79,2,0,,54,505,47,497,14454,95,62797,,,287,18,409,51,49,1,23,18,0,0,0,100,0,0,0,90,10,100,11,414,       0,,,,,,District,
6450000,94,10,37,18,25,72,2,3,0,0,0,9,2,13,67,2,0,7,37,59,3,1,82,36,494,38,493,17353,89,69519,548,529,1337,16,3098,48,52,9,19,39,1,0,2,96,0,0,1,83,17,100,11,3247,     135,2,1,1,0,0,District,30652
6500000,95,9,32,9,23,75,2,1,0,0,0,1,1,5,90,0,0,3,16,83,0,0,91,54,502,49,499,14260,91,70796,568,550,1455,19,2942,48,52,0,15,14,1,0,1,98,0,0,1,81,19,100,13,2966,      75,1,1,1,0,0,District,40026
770000,95,8,32,11,16,70,0,1,0,0,0,1,1,4,91,0,0,3,16,81,4,0,93,61,506,46,498,13353,90,68999,560,536,528,19,1331,49,51,1,19,15,0,0,0,100,0,0,0,83,17,99,14,1370,      12,0,0,0,0,0,District,37524
780000,96,7,26,4,21,,,,,,,3,15,4,73,0,0,5,2,97,2,0,,83,517,83,516,23289,89,93103,,,205,18,498,44,56,4,15,2,2,0,4,94,0,0,0,91,9,100,12,506,       2,,,,,,District,
6550000,96,7,19,4,15,88,0,1,0,0,0,3,9,4,80,0,0,4,9,88,3,0,98,82,518,75,514,20253,95,92626,632,643,707,17,1199,49,51,1,15,4,2,1,3,93,0,0,0,71,29,100,11,1204,      15,1,1,0,0,0,District,
790000,95,9,37,13,16,82,0,3,0,0,0,7,7,10,75,0,0,2,12,83,5,0,89,51,501,44,497,12206,90,71600,549,555,1650,20,3600,49,51,2,17,22,0,1,1,99,0,0,0,83,17,99,16,3707,      95,1,1,1,0,0,District,37134
4070000,95,8,35,10,0,,,,,,,63,0,35,2,0,0,0,,,,,,32,492,23,487,,84,,,,38,21,286,54,46,22,12,57,43,0,15,41,0,0,0,94,6,91,12,320,       4,,,,,,Charter,
6580000,96,7,23,6,14,78,3,2,0,0,0,2,1,8,86,0,0,3,17,82,1,0,91,54,501,48,499,11940,91,74143,565,575,1706,19,3950,49,51,2,14,20,0,0,1,98,0,0,0,80,20,100,14,4040,     134,1,1,1,0,1,District,36032
820000,96,7,22,5,7,85,1,1,0,0,0,0,1,2,93,0,0,3,16,83,0,0,96,72,510,66,507,14507,88,79655,601,592,1399,21,3133,50,50,0,14,6,1,1,0,98,0,0,0,81,19,100,14,3142,      36,1,0,0,0,0,District,49868
830000,95,9,34,14,23,74,4,1,0,0,0,3,1,2,91,0,0,3,8,91,1,1,95,56,503,49,500,11599,87,79703,535,510,1027,21,2311,49,51,1,19,15,0,0,0,99,0,0,0,82,18,100,15,2342,     112,3,2,0,0,0,District,36454
870000,96,8,27,8,0,88,0,2,0,0,0,4,5,9,80,0,0,3,26,74,0,0,98,63,505,53,501,14908,91,77543,556,561,1102,19,2658,48,52,2,17,18,2,1,3,94,0,0,1,81,19,100,14,2696,      62,0,1,1,0,0,District,36193
850000,94,11,52,16,13,,,,,,,8,4,2,84,0,0,3,77,23,0,0,,77,511,69,507,23986,80,82450,,,143,13,187,49,51,3,21,18,0,0,0,100,0,0,0,94,6,100,8,188,       0,,,,,,District,
860000,95,9,34,12,11,63,5,4,0,0,0,1,4,13,79,0,0,3,8,88,4,1,87,37,494,36,492,13005,92,64258,571,554,551,18,1568,50,50,2,19,28,0,0,2,97,0,0,0,82,18,100,13,1610,     104,3,2,1,0,0,District,31384
880000,96,8,26,7,9,88,1,2,0,0,0,6,3,6,82,0,0,3,13,86,1,0,96,63,506,66,507,13433,93,78689,569,569,1216,20,3771,50,50,2,18,12,1,0,2,96,0,0,1,81,19,100,13,3804,      93,1,1,1,0,0,District,36356
890000,95,9,36,14,11,,1,1,0,0,0,4,0,20,68,2,0,6,22,79,0,0,,55,502,47,499,25454,83,88247,,,255,16,359,51,49,20,24,29,1,0,3,94,0,0,1,84,16,99,10,374,       7,1,0,0,0,0,District,
4520000,92,14,55,28,29,73,0,2,0,1,0,41,1,51,4,1,0,3,58,42,0,0,99,,,,,,82,,452,460,156,18,360,61,39,15,15,54,42,2,11,41,0,0,4,53,47,90,10,384,      11,2,1,0,0,0,Charter,
910000,94,10,35,16,0,,,,,,,1,0,3,84,0,0,12,22,78,0,0,,42,498,28,490,23474,85,69659,,,56,18,144,48,52,1,19,27,0,0,0,98,0,0,2,89,11,97,8,147,       1,,,,,,District,
8170000,94,10,40,17,27,62,0,1,0,0,0,1,2,12,82,0,0,3,,,,,99,,,,,19262,81,77496,531,504,833,17,1369,58,42,0,16,16,1,1,1,98,0,0,0,59,40,95,12,1386,      15,0,0,1,0,0,Agricultural,
930000,93,12,42,20,37,61,3,3,0,0,0,16,5,54,22,0,0,2,6,91,3,0,79,38,493,34,492,15057,82,85345,485,485,3536,20,7121,49,51,23,17,47,3,2,4,90,0,0,0,77,23,99,15,7726,     396,2,2,1,0,0,District,26003
4100000,96,8,30,10,10,,4,10,0,0,0,6,1,79,11,1,0,1,,,,,,55,502,47,499,,63,,497,517,405,24,1131,51,49,15,21,40,4,1,18,77,0,0,1,75,25,77,13,1157,     136,5,3,2,1,1,Charter,
940000,96,8,26,10,12,78,0,0,0,0,0,2,2,6,86,1,0,4,13,78,9,0,94,53,501,48,499,12359,93,68347,553,569,996,19,2063,49,51,2,16,27,1,0,0,98,0,0,1,79,21,100,14,2116,      16,0,0,0,0,0,District,29890
950000,92,13,55,28,42,51,4,7,0,1,0,8,4,28,51,0,0,9,9,73,18,1,71,34,491,30,489,14504,79,67413,488,486,4673,19,10474,48,52,17,20,66,2,1,3,93,0,0,1,80,20,94,14,10977,"   1,057",3,3,2,1,1,District,21420
960000,94,10,39,14,29,72,5,3,0,0,0,5,2,6,80,1,0,6,16,83,1,0,84,58,504,53,502,17270,90,75472,573,568,1757,17,3388,49,51,4,17,28,3,1,1,95,0,0,1,82,18,99,12,3490,     194,2,2,1,0,1,District,32741
6620000,94,10,43,10,12,,,,,,,0,0,1,99,0,0,0,14,86,0,0,,45,500,42,498,18136,75,58076,,,76,14,123,38,62,0,22,38,0,0,0,100,0,0,0,84,16,100,9,130,       0,,,,,,District,
970000,93,12,48,26,32,43,2,2,0,0,1,7,5,52,30,0,0,7,14,80,6,0,76,32,490,25,486,14224,87,74039,482,471,2340,19,5585,48,52,13,22,59,2,0,8,88,0,0,1,79,21,98,14,5937,     282,1,2,1,1,0,District,23679
980000,96,7,21,7,0,,,,,,,1,0,0,99,0,0,0,,,,,,34,495,34,494,18901,77,48381,,,85,8,82,49,51,0,32,24,0,0,0,100,0,0,0,88,12,90,9,85,       0,,,,,,District,
4130000,93,13,52,21,0,62,2,2,0,0,0,2,2,7,84,1,0,5,,,,,90,51,503,57,504,,87,,597,549,363,13,223,49,51,0,13,25,0,3,3,94,0,0,0,74,26,65,10,225,       8,2,1,0,0,0,Charter,
990000,96,8,27,7,0,85,2,2,0,0,0,5,4,5,82,0,0,3,20,78,2,0,96,51,501,63,505,16731,93,84855,570,577,1501,17,2624,48,52,2,19,15,1,1,0,97,0,0,0,81,19,100,12,2662,      96,2,1,1,0,0,District,43262
4460000,96,8,28,8,14,93,4,2,0,0,0,47,10,5,33,0,0,5,,,,,95,45,498,43,496,,84,,581,549,768,20,1500,53,47,14,8,18,4,1,6,89,0,0,0,79,21,79,13,1497,      72,3,1,1,0,0,Charter,
1000000,95,9,32,13,17,69,2,5,0,0,0,8,5,27,56,0,0,4,13,82,5,0,82,38,494,37,492,18579,87,78674,556,586,4718,17,8906,49,51,23,22,33,2,1,11,86,0,0,0,84,16,98,13,9270,     509,2,2,1,0,0,District,32267
4780000,95,9,35,10,0,90,,,,,,1,2,2,90,0,0,5,,,,,94,63,505,59,503,,74,,599,552,238,17,400,53,46,0,14,4,4,0,6,85,0,0,4,67,33,59,9,404,       4,,,,,,Charter,
1010000,96,8,26,8,12,84,0,0,0,0,0,2,6,3,86,0,1,2,15,82,3,0,97,66,508,63,506,13950,89,76930,574,575,2436,19,5355,48,52,1,17,9,0,1,0,98,0,0,0,83,17,100,13,5422,      13,0,0,0,0,0,District,44517
8180000,94,11,49,21,8,23,9,7,0,0,0,2,0,4,92,0,0,2,9,88,3,0,91,,,,,25274,83,75564,527,499,289,15,491,31,69,0,32,33,1,0,1,97,0,0,1,38,62,97,10,493,      64,6,5,2,0,0,Vocational Technical,
6650000,95,8,27,9,6,80,1,2,0,0,0,1,1,2,94,0,0,2,18,80,2,0,93,55,502,57,503,13720,93,74845,558,565,980,19,2813,49,51,1,15,17,1,0,1,98,0,0,0,82,18,100,14,2898,      72,1,1,0,0,0,District,37466
6700000,94,10,40,13,2,89,,,,,,1,3,4,88,0,0,3,13,86,0,1,93,40,495,48,499,17454,90,65229,579,564,445,13,625,46,54,1,19,19,0,0,0,97,2,0,1,70,30,98,12,638,       5,,,,,,District,
1030000,93,12,45,22,38,70,0,5,0,0,0,3,2,21,67,0,0,8,14,79,7,1,83,26,488,25,486,12339,85,69195,519,507,835,19,2381,48,52,4,23,50,1,2,2,94,0,0,1,78,22,99,13,2525,     121,1,1,1,1,1,District,26000
6720000,95,9,33,12,26,56,1,1,0,0,0,1,0,4,92,0,0,2,7,85,8,0,83,47,500,40,496,16847,96,60683,546,536,564,14,838,48,52,3,20,30,0,0,0,98,0,1,1,82,18,98,10,870,      15,1,1,0,0,0,District,35282
1050000,95,8,32,11,2,84,,,,,,1,1,2,94,0,0,2,,,,,96,60,505,53,500,13483,90,70103,581,590,685,16,1447,49,51,0,13,9,0,1,1,98,0,1,0,82,18,100,15,1468,       3,,,,,,District,47883
6740000,94,11,37,16,16,67,6,3,0,0,0,1,0,11,80,0,0,7,18,70,10,2,82,35,493,23,486,16603,83,57869,543,534,579,14,959,49,51,5,25,45,0,1,1,98,0,0,1,81,19,99,11,1017,      85,3,4,1,0,0,District,28529
4960000,96,7,22,6,7,79,2,6,0,0,0,10,1,41,43,1,0,4,21,75,4,0,93,30,491,33,492,,71,,502,483,412,14,505,50,50,9,15,52,8,1,4,87,0,0,0,72,28,98,11,513,      37,3,3,1,1,0,Charter,
1070000,94,11,42,16,34,60,1,4,0,0,0,2,1,10,83,0,0,3,23,75,2,0,86,47,499,44,497,16451,90,76799,552,556,1124,17,2936,48,52,6,26,35,0,0,0,100,0,0,0,82,18,99,12,3004,     145,1,1,2,0,0,District,30538
1090000,,,,,,,,,,,,0,0,0,100,0,0,0,,,,,,,,,,,100,45212,,,11,2,2,50,50,0,0,0,0,0,0,100,0,0,0,100,0,100,2,2,,,,,,,District,28750
1100000,96,8,26,8,17,83,2,1,0,0,0,2,12,5,78,0,0,3,4,94,3,0,97,64,506,60,505,12200,91,74727,581,586,1580,19,3192,48,52,1,18,11,1,1,0,98,0,0,0,84,16,100,14,3253,      84,1,1,1,0,0,District,42854
1110000,96,8,28,9,21,70,3,4,0,0,0,0,2,10,86,0,0,3,17,81,1,0,93,48,498,45,496,14682,94,72894,554,551,428,16,709,47,53,4,16,25,1,2,1,96,0,0,1,80,20,100,13,723,      31,1,2,1,0,0,District,38638
8210000,95,8,30,9,1,51,0,1,0,0,0,3,2,12,78,0,0,6,3,96,2,0,98,,,,,18787,97,82746,499,498,886,14,1386,44,56,2,10,36,2,0,1,96,1,0,0,46,54,98,11,1413,      12,0,0,0,0,0,Vocational Technical,
8230000,95,9,36,11,36,50,2,8,0,0,0,1,1,82,15,0,0,0,7,86,7,0,94,,,,,20943,87,78749,453,471,1363,14,1488,50,50,12,21,51,1,0,13,85,0,0,0,59,41,95,11,1524,     134,0,2,3,2,1,Vocational Technical,
8280000,95,9,35,13,19,41,5,6,0,0,3,4,16,34,41,0,0,4,7,91,2,0,93,,,,,18697,93,82096,490,495,1362,19,2226,44,56,6,16,41,2,2,3,93,0,0,0,62,38,100,12,2277,     215,2,3,3,1,1,Vocational Technical,
8250000,97,6,18,6,11,52,6,4,0,0,0,8,1,23,63,0,0,4,10,85,5,0,91,,,,,19981,93,78599,508,493,1792,16,2153,50,50,3,11,36,2,0,3,94,1,0,0,52,48,99,11,2170,     188,4,2,1,1,1,Vocational Technical,
1140000,94,11,42,19,30,61,3,7,0,0,0,3,1,19,72,0,0,5,23,75,2,1,81,39,494,30,489,14660,87,60221,569,553,959,16,1737,48,52,6,17,48,0,1,1,99,0,0,0,82,18,96,11,1801,     156,3,3,2,1,1,District,26792
6730000,96,7,20,5,9,91,0,1,0,0,0,1,7,2,87,0,0,3,4,93,2,1,98,62,506,66,508,15079,92,78764,593,612,920,19,2463,49,51,1,17,7,0,0,0,99,0,0,1,84,16,100,13,2474,      22,1,0,0,0,0,District,52069
1170000,96,7,26,8,0,82,1,1,0,0,0,2,5,10,78,0,2,3,30,69,0,2,91,56,504,48,498,14870,82,64712,584,562,435,15,525,47,53,3,14,17,2,1,0,97,0,0,0,82,18,100,11,551,       8,0,1,0,0,0,District,32045
1180000,96,6,21,4,19,,,,,,,1,0,4,91,0,0,3,14,86,0,0,,57,503,58,504,13967,92,80263,,,240,22,604,50,50,1,16,18,0,0,0,100,0,0,0,86,14,100,16,605,       5,,,,,,District,
6750000,96,8,27,6,15,86,0,1,0,0,0,1,4,4,89,0,0,2,8,90,3,0,93,72,512,63,506,17513,92,77904,594,580,901,18,1786,51,49,1,16,6,0,1,1,95,0,0,3,83,17,100,12,1799,      15,0,0,0,0,0,District,33678
4990000,96,7,23,7,2,66,3,0,0,0,0,30,2,33,34,0,0,2,,,,,97,48,498,50,499,,71,,524,551,254,18,485,52,48,3,12,38,3,4,3,89,0,0,0,55,45,79,12,507,      14,2,1,0,0,0,Charter,
6800000,96,8,30,8,0,80,2,2,0,0,0,3,3,7,84,0,0,3,10,89,1,0,96,59,505,51,501,15116,90,79504,557,566,1101,19,3098,50,50,1,15,15,0,0,0,99,0,0,0,83,17,100,14,3141,     123,1,1,1,0,0,District,35033
6830000,94,11,48,20,0,74,0,2,0,0,0,1,1,3,93,0,0,3,7,93,0,0,91,53,500,44,499,17006,96,69105,589,580,541,13,703,55,46,1,21,16,1,1,0,98,0,0,0,69,31,99,10,715,      14,1,1,0,0,0,District,
1210000,98,4,11,0,0,,,,,,,3,0,0,97,0,0,0,14,86,0,0,,67,505,52,499,17942,78,71768,,,82,5,44,39,61,0,9,18,7,0,0,93,0,0,0,84,16,97,5,44,       0,,,,,,District,
1220000,96,8,28,6,17,90,0,1,0,0,0,1,2,2,94,0,0,1,19,81,0,0,98,61,506,58,504,13969,90,84281,551,547,1559,19,2617,47,53,1,18,8,1,1,1,98,0,0,0,80,20,99,13,2637,      23,0,1,0,0,0,District,44586
1250000,95,8,29,9,5,89,1,0,0,0,0,2,11,4,80,0,0,3,,,,,98,75,513,70,509,17791,97,82877,624,613,552,17,1107,49,51,2,11,4,1,1,1,96,0,1,0,80,20,100,12,1128,       9,0,0,0,0,0,District,49118
1270000,96,7,23,6,0,79,,,,,,1,1,5,91,0,0,3,35,63,2,0,97,55,502,56,501,14103,85,59376,577,550,264,14,442,48,52,0,20,13,0,0,0,100,0,0,0,81,19,99,11,449,       0,,,,,,District,35812
1280000,93,12,44,23,37,70,2,4,0,0,0,4,2,37,55,0,0,2,6,84,10,1,81,36,493,33,492,12932,88,69043,552,547,4250,18,7619,48,52,11,22,45,1,1,4,95,0,0,0,83,17,99,14,7991,     389,1,2,2,0,0,District,30511
6850000,94,10,39,15,18,,,,,,,1,0,9,85,1,0,5,20,80,0,0,,39,496,30,491,13688,54,63117,,,39,20,160,59,41,0,24,50,0,0,0,100,0,0,0,90,10,100,15,169,       0,,,,,,District,
4190000,95,9,29,14,17,,0,11,0,0,0,72,1,26,1,1,1,0,,,,,,18,481,15,481,,43,,,,85,19,232,47,53,8,27,57,63,6,17,11,0,0,3,66,34,50,12,231,      25,1,6,2,1,1,Charter,
4550000,96,7,28,5,10,,1,2,0,0,0,5,0,23,69,0,0,2,0,89,12,0,,45,500,23,488,,68,,,,113,20,301,58,42,7,19,17,0,0,2,96,0,0,2,83,17,77,14,307,       9,2,0,1,0,0,Charter,
4500000,97,6,21,4,4,,,,,,,1,1,4,82,0,0,12,,,,,,60,504,56,502,,83,,,,78,26,218,46,54,0,20,15,0,0,6,92,0,0,2,76,24,89,11,218,       0,,,,,,Charter,
1310000,96,7,23,5,7,87,1,0,0,0,0,1,3,3,90,0,0,3,21,77,2,0,99,78,516,74,511,13506,92,83311,608,604,1920,19,4319,48,52,0,12,5,1,1,1,97,0,0,1,84,16,100,14,4336,      48,0,0,0,0,0,District,47717
1330000,95,8,29,11,19,66,1,4,0,0,0,21,5,13,53,0,0,8,4,92,3,2,77,47,500,46,498,15916,93,66615,521,518,449,18,1249,48,52,8,19,32,2,1,1,96,0,0,1,83,17,100,14,1279,      57,3,1,0,0,0,District,33750
1350000,96,7,25,5,0,,,,,,,1,1,7,89,0,0,1,,,,,,50,502,49,500,13940,95,62171,,,65,18,235,49,52,0,15,26,0,0,0,100,0,0,0,93,7,100,12,240,       0,,,,,,District,
1360000,96,7,23,6,0,89,2,1,0,0,0,1,8,5,83,0,0,3,4,96,1,0,97,63,507,60,504,13652,92,81082,592,602,1520,17,2927,49,52,2,17,7,0,1,1,98,0,0,0,85,15,99,14,2958,      72,1,1,0,0,0,District,46642
1370000,92,14,51,27,37,54,2,11,0,0,0,3,1,81,14,0,0,1,9,74,15,2,72,16,480,10,475,16907,67,68779,510,505,2027,19,5398,47,53,23,25,76,5,1,28,66,0,0,0,79,21,88,14,6091,     723,4,4,2,1,1,District,21232
4530000,95,9,37,12,12,,2,7,0,0,0,1,1,92,4,0,0,2,,,,,,36,494,22,488,,65,,,,197,25,703,56,44,16,20,66,4,0,37,59,0,0,0,74,26,60,14,729,      55,0,4,2,1,0,Charter,
1380000,96,7,23,8,11,81,1,1,0,0,0,1,2,6,87,1,0,4,12,87,1,0,98,65,508,64,507,13896,86,68981,574,564,590,17,1139,48,52,1,20,11,0,1,1,99,0,0,0,89,11,100,12,1164,      20,0,1,1,0,0,District,45968
1390000,96,7,20,6,10,89,1,1,0,0,0,1,17,4,75,0,0,3,20,79,1,0,98,78,515,78,515,14919,91,87935,607,628,1896,20,3597,50,51,4,12,5,0,2,2,97,0,0,0,82,18,100,14,3629,      48,1,0,0,0,0,District,65569
1410000,95,9,30,12,17,80,0,3,0,0,1,2,2,12,82,0,0,3,9,89,2,0,89,52,501,50,499,16682,87,74760,575,560,1463,17,2650,51,49,10,15,21,0,0,0,99,0,0,0,85,15,99,11,2730,      74,0,1,1,0,0,District,37439
1420000,94,11,40,16,29,65,6,4,0,0,0,1,2,2,93,0,0,2,27,68,5,0,85,55,503,52,500,20077,92,84762,559,557,546,14,921,47,53,0,21,28,0,0,0,100,0,0,0,79,21,100,11,939,      72,3,1,2,1,1,District,37316
4350000,96,8,26,6,9,79,1,5,0,0,0,6,8,8,74,0,0,5,,,,,87,57,504,53,502,,85,,568,556,465,18,799,52,48,2,19,9,1,4,4,92,0,0,0,74,26,91,11,807,      42,3,2,1,0,0,Charter,
1440000,96,7,24,6,1,83,2,1,0,0,0,1,2,6,87,0,0,4,33,66,1,0,94,69,511,63,506,16993,90,69265,580,568,958,17,1747,50,50,2,17,13,0,0,2,98,0,0,0,81,19,100,11,1772,      47,2,1,0,0,0,District,39321
4630000,94,11,45,18,17,,1,11,0,0,1,68,1,30,0,0,0,1,,,,,,34,496,32,493,,51,,,,92,39,556,47,53,31,21,63,30,4,17,45,1,0,3,74,26,69,16,578,      67,3,3,4,1,1,Charter,
4290000,95,9,31,12,4,82,7,8,0,0,1,20,3,67,6,0,0,3,,,,,88,41,495,44,497,,62,,544,553,426,24,1343,50,50,28,13,47,17,6,13,62,0,0,1,72,28,61,15,1365,     166,4,3,2,1,1,Charter,
6900000,95,9,29,10,3,86,1,0,0,0,0,2,2,3,91,0,0,2,34,61,5,0,95,64,505,59,503,15273,88,73423,580,573,822,19,2052,48,52,1,13,8,0,1,2,97,0,0,0,73,27,99,16,2069,      18,1,0,0,0,0,District,
1450000,97,6,18,4,15,,,,,,,1,0,3,95,1,0,1,8,91,1,0,,55,504,54,502,15876,94,70789,,,381,21,1020,49,51,1,17,16,0,0,0,100,0,0,0,90,10,100,15,1066,       5,,,,,,District,
1480000,95,8,37,8,7,,,,,,,,,,,,,,23,77,0,0,,61,506,51,501,17280,,56915,,,125,16,214,55,45,0,22,24,,,,,,,,,,,,218,       3,,,,,,District,
1490000,92,13,47,25,0,56,2,5,0,0,0,1,1,93,4,0,0,0,22,67,11,1,72,28,487,29,488,14782,74,69795,466,483,5272,20,14192,48,52,37,20,62,1,1,21,76,0,0,0,77,23,93,13,15276,     952,3,2,1,0,1,District,19341
4540000,98,4,5,0,1,,0,5,0,0,0,1,0,98,1,0,0,0,,,,,,64,506,59,503,,75,,,,327,18,734,54,46,29,8,54,1,3,21,75,0,0,0,90,10,94,12,740,      33,2,2,1,0,0,Charter,
1500000,95,9,33,11,3,63,4,5,0,0,0,1,3,9,85,0,0,3,4,94,2,0,81,51,501,50,498,16863,89,74676,569,568,405,13,691,49,51,4,12,36,0,2,3,95,0,0,0,85,15,97,10,718,      50,2,3,2,0,0,District,31462
1510000,95,8,31,10,21,73,2,2,0,0,0,5,3,9,80,0,0,3,15,82,2,1,96,36,494,35,493,13507,96,74103,553,544,703,19,1598,46,54,3,17,25,0,1,1,98,0,0,0,84,16,99,14,1628,      45,1,1,1,0,0,District,31715
1520000,96,8,29,7,2,76,1,1,0,0,0,0,4,9,83,0,0,4,3,97,0,0,100,66,510,66,509,18990,89,74524,575,556,526,13,748,50,50,3,10,16,0,0,1,99,0,0,0,78,22,99,10,768,      17,1,1,0,0,0,District,34458
1530000,95,9,37,15,31,70,5,0,0,0,0,8,3,35,49,0,0,4,11,85,4,0,87,43,496,46,498,13754,92,70879,543,553,2859,20,6229,48,52,10,23,38,2,1,4,94,0,0,0,83,17,98,14,6409,     343,3,2,1,0,0,District,30059
1540000,96,7,26,4,1,,,,,,,0,0,6,84,0,0,10,24,76,0,0,,74,511,69,508,17875,83,61460,,,45,16,127,41,59,0,14,23,3,0,0,97,0,0,0,83,17,100,8,129,       2,,,,,,District,
1550000,97,6,15,3,2,87,1,1,0,0,0,4,39,4,46,0,0,7,0,98,2,0,96,80,519,81,519,18289,91,82322,645,674,2874,20,7347,49,51,7,13,5,2,5,3,89,0,0,1,81,19,100,12,7439,      88,1,0,0,0,0,District,64677
35140000,93,12,42,16,35,,0,41,0,0,0,12,0,85,2,0,0,1,,,,,,10,480,24,486,,75,,,,31,28,91,44,56,45,25,79,8,4,27,58,0,0,4,58,42,75,12,95,      39,16,12,12,2,0,Charter,
1570000,95,8,30,10,2,,1,1,0,0,0,9,4,16,61,0,0,10,8,92,0,0,,57,506,59,505,22743,89,93039,,,578,16,1133,49,51,4,22,6,3,2,3,91,0,0,0,87,13,100,10,1265,      26,2,0,0,0,0,District,
6950000,97,6,15,5,0,90,0,2,0,0,0,5,6,5,80,0,0,4,39,60,1,0,97,,,,,20428,92,95518,615,644,1249,18,1532,49,51,0,17,6,2,3,1,93,0,0,0,63,37,100,12,1536,      35,1,1,0,0,0,District,
1580000,96,7,23,7,2,89,1,1,0,0,0,1,9,2,85,0,0,3,44,55,2,0,97,68,509,61,505,15127,90,78326,598,590,706,18,1672,52,48,2,16,8,0,0,1,98,0,0,1,86,14,100,13,1692,      23,1,1,0,0,0,District,44489
1590000,96,7,21,5,0,94,1,1,0,0,0,2,10,5,79,0,0,4,38,61,1,0,97,71,512,69,509,15149,92,73350,606,605,1330,19,2896,49,51,1,19,7,0,0,1,98,0,0,0,84,16,100,12,2928,      64,1,1,0,0,0,District,44798
1600000,94,10,38,16,26,71,4,5,0,0,0,8,29,33,26,0,0,4,18,81,1,0,80,36,493,36,492,14354,91,79969,520,527,8594,20,14904,48,52,25,17,53,2,3,5,89,0,0,0,81,19,98,14,15615,"   1,156",3,3,2,0,0,District,23805
4560000,97,7,22,6,8,,3,2,0,0,0,25,19,48,4,0,0,4,,,,,,53,502,54,502,,78,,,,254,21,797,51,49,53,17,45,4,11,15,69,0,0,2,77,24,97,13,820,      34,2,1,1,0,0,Charter,
4580000,45,68,97,94,0,,0,18,0,0,0,4,28,34,29,0,0,5,,,,,9,,,,,,92,,,,129,13,109,45,55,5,29,64,0,11,11,78,0,0,0,83,17,72,9,122,      22,9,9,0,0,0,Charter,
1610000,95,9,36,11,24,82,3,3,0,0,0,2,1,11,84,0,0,3,18,81,1,0,90,36,492,38,494,15629,92,64940,561,563,1185,18,2669,49,51,3,15,26,0,0,1,99,0,0,0,83,17,100,12,2729,     133,2,1,1,0,1,District,33058
1620000,96,8,27,8,2,82,2,1,0,0,0,2,2,7,86,0,0,2,10,85,5,0,94,50,500,53,501,13209,87,74900,576,573,807,20,1643,48,52,2,16,14,0,0,0,99,0,0,0,79,21,99,15,1689,      44,1,1,0,0,0,District,40286
1630000,94,11,40,20,0,55,1,7,0,0,0,9,9,63,15,0,0,4,5,88,7,1,74,34,492,30,491,13632,89,73555,496,494,4830,21,15703,47,53,23,16,57,3,1,8,87,0,0,1,80,20,97,14,16628,"   1,282",3,3,1,0,0,District,26664
1640000,96,7,21,4,10,92,0,1,0,0,0,2,6,5,84,0,0,3,16,83,1,0,97,71,512,76,512,15206,92,84173,579,575,967,15,2214,49,51,2,18,7,0,1,1,98,0,0,0,85,15,100,14,2239,      21,0,0,0,0,0,District,49207
4690000,95,9,32,13,20,90,4,5,0,0,3,46,1,48,2,1,0,2,,,,,77,43,496,39,494,,60,,466,509,407,20,1196,53,48,31,23,57,22,3,13,60,0,0,1,73,27,70,12,1251,     131,4,4,2,1,0,Charter,
4680000,99,2,2,1,2,87,,,,,,2,50,4,36,0,0,8,,,,,100,,,,,,100,,700,757,24,17,50,50,50,0,0,0,0,0,0,90,0,0,10,60,40,100,16,97,       0,,,,,,District,
1650000,94,10,32,17,26,69,3,3,0,0,0,19,23,25,28,0,0,4,17,79,3,1,80,48,498,42,495,14379,90,84284,515,546,2882,20,6805,48,52,22,16,42,4,3,3,89,0,0,1,83,17,100,14,7145,     367,2,2,1,0,0,District,29063
6980000,96,8,34,6,2,84,0,1,0,0,0,1,1,1,96,0,0,1,43,55,1,1,96,72,511,66,506,17448,89,77171,598,596,680,16,1387,51,49,1,9,7,0,0,1,99,0,0,0,79,21,98,11,1393,      11,1,0,0,0,0,District,43758
1670000,95,9,27,10,12,90,0,1,0,0,0,4,7,5,81,0,0,4,15,84,1,0,94,60,505,59,503,15504,95,81213,585,604,1619,18,3908,48,52,2,14,13,1,1,2,96,0,0,0,82,18,100,13,3969,      64,0,1,0,0,0,District,45119
1680000,96,7,24,7,3,85,1,2,0,0,0,3,2,7,85,0,0,3,1,97,2,0,97,69,509,64,505,15568,86,74936,591,584,1562,18,3151,49,51,4,19,10,0,1,1,97,0,0,1,81,19,99,12,3172,      61,1,1,0,0,0,District,49970
4640000,96,8,25,7,1,,3,1,0,0,0,6,3,3,85,1,0,2,,,,,,58,503,60,503,,86,,,,90,21,230,40,60,0,26,10,0,0,0,100,0,0,0,69,31,92,10,236,      10,3,1,0,0,0,Charter,
1690000,96,7,22,4,5,,,,,,,3,1,3,87,0,0,5,33,67,0,0,,68,509,63,507,15789,94,84069,,,166,19,454,47,53,1,21,21,3,1,0,96,0,0,0,92,8,100,13,464,       0,,,,,,District,
1700000,94,10,35,15,23,67,1,2,0,0,0,4,4,49,41,0,0,3,10,86,4,0,79,40,494,37,493,16740,89,80549,546,537,2098,20,4864,48,52,25,17,35,1,1,5,93,0,0,0,82,18,100,12,4964,     112,1,1,0,0,0,District,33530
1710000,96,7,21,6,12,83,0,1,0,0,0,0,1,3,94,0,0,2,14,85,1,0,97,69,510,65,506,13301,90,72172,565,556,1463,19,4187,49,51,1,17,11,0,0,1,98,0,0,0,84,16,100,13,4248,      59,1,1,0,0,0,District,38797
7000000,93,13,53,24,34,73,2,5,0,0,0,5,1,16,72,3,1,3,29,70,1,0,90,,,,,30443,90,96802,557,544,736,12,639,49,51,10,18,21,2,1,3,91,1,0,2,67,33,99,9,662,      40,1,3,2,1,0,District,
4660000,95,9,32,13,0,,,,,,,3,1,12,74,2,0,9,,,,,92,43,499,29,490,,95,,545,485,66,16,188,55,45,5,26,33,2,0,0,98,0,0,0,82,18,96,11,186,       0,,,,,,Charter,
4920000,95,9,41,9,23,,1,2,0,0,0,35,1,58,2,0,0,4,38,60,3,0,,47,499,62,505,,76,,,,142,20,358,52,48,21,21,74,21,0,11,64,0,0,4,88,12,78,10,375,       9,1,1,0,0,0,Charter,
7050000,96,8,26,8,8,84,3,1,0,0,0,0,4,3,91,0,0,2,,,,,95,71,511,72,510,18064,93,92462,582,585,900,18,1801,51,49,0,17,5,0,1,0,99,0,0,0,65,35,100,14,1810,      62,2,1,0,0,0,District,
1720000,94,12,44,15,15,75,2,3,0,0,0,4,2,5,74,6,0,8,29,70,1,1,92,52,501,48,499,16793,90,74718,557,551,1016,17,1692,49,51,3,16,29,0,0,0,98,0,0,0,83,17,100,12,1689,      67,1,2,1,0,0,District,33829
39010000,91,13,43,34,37,44,,,,,,,,,,,,,5,91,5,0,35,,,,,,,,561,516,138,28,609,54,47,0,23,51,,,,,,,,,,,,752,       0,,,,,,District,
1730000,96,7,28,5,5,,,,,,,1,2,4,89,0,0,5,22,78,0,0,,74,512,65,508,19427,95,76498,,,229,17,448,48,52,1,16,15,0,1,0,99,0,0,0,92,8,100,11,458,       0,,,,,,District,
1740000,95,8,26,10,16,83,0,2,0,0,0,3,2,12,79,0,0,5,13,83,4,0,91,45,496,40,495,15578,89,73426,579,558,645,18,1406,50,50,5,18,17,0,1,4,95,0,0,0,83,17,97,13,1436,      25,1,1,0,0,0,District,41285
1750000,97,6,16,4,5,92,0,0,0,0,0,1,4,4,87,0,0,3,20,78,2,0,97,69,509,72,510,15205,91,85130,591,611,1603,19,2649,49,51,1,12,5,0,1,1,97,0,0,0,83,17,99,13,2657,      15,0,0,0,0,0,District,60759
1760000,95,9,33,12,28,79,0,4,0,0,0,13,10,13,60,0,0,5,19,79,2,0,90,49,499,40,494,16931,90,75323,549,543,2156,15,4408,49,51,12,19,29,1,2,1,96,0,0,0,80,20,99,11,4596,     169,2,1,1,0,0,District,37268
1770000,96,8,28,8,21,84,1,1,0,0,0,2,3,4,89,0,0,2,19,77,4,1,96,66,509,65,507,14326,86,81086,582,585,1013,19,2281,50,50,1,16,10,0,1,1,98,0,0,0,82,18,100,14,2316,      45,1,0,0,0,0,District,51166
1780000,96,7,23,6,14,87,1,1,0,0,0,5,6,5,79,0,0,5,16,73,11,0,95,70,511,64,506,12175,90,65368,563,545,1623,20,3923,51,49,4,14,11,0,2,1,97,0,0,0,81,19,100,15,3990,      36,1,0,0,0,0,District,44313
7100000,96,8,27,8,18,80,1,1,0,0,0,1,2,4,91,0,0,2,14,80,6,1,93,57,504,53,502,15845,91,78924,569,558,953,18,2285,50,50,1,15,9,0,0,3,97,0,0,0,83,17,99,14,2306,      48,1,1,0,0,0,District,52246
1810000,93,11,41,18,0,70,3,3,0,0,0,2,4,41,48,0,0,5,2,95,2,0,89,45,497,40,495,13721,88,76830,533,536,2665,20,7075,47,53,10,16,33,0,0,2,97,0,0,0,82,18,98,14,7295,     370,2,2,1,0,0,District,32165
1820000,95,9,32,10,22,71,4,1,0,0,0,3,1,3,89,1,0,4,15,83,2,0,96,47,499,48,499,14718,87,71948,546,545,1546,20,2999,49,51,1,18,28,1,0,0,98,0,0,0,81,19,100,14,3076,     129,2,1,1,0,0,District,36214
1840000,96,7,24,5,0,,1,0,0,0,0,1,5,3,86,1,0,4,28,73,0,0,,66,509,61,506,16519,92,76094,,,299,15,690,50,50,1,18,8,0,0,0,100,0,0,0,92,8,99,11,700,       6,1,0,0,0,0,District,
1850000,95,9,30,13,23,72,0,1,0,0,0,3,2,28,61,2,0,4,9,86,4,0,85,48,499,40,495,14089,88,77299,544,531,1860,19,4296,49,51,17,15,32,0,0,4,95,0,0,0,82,18,100,13,4458,      72,0,1,0,0,0,District,37205
1860000,96,8,25,7,12,69,2,1,0,0,0,3,3,7,81,0,0,5,21,78,2,0,94,47,498,44,496,15704,88,81124,544,556,812,19,1754,50,50,4,16,25,1,1,0,97,0,0,1,77,23,99,13,1786,      38,1,1,0,0,0,District,34362
1870000,96,7,24,7,7,89,0,1,0,0,0,1,2,8,85,0,0,4,35,64,1,0,95,61,506,60,505,14743,94,80451,560,546,612,17,1307,49,51,1,13,11,0,0,2,98,0,0,0,81,19,99,13,1323,      23,1,1,0,0,0,District,44810
1890000,96,7,20,5,11,87,1,1,0,0,0,14,7,4,69,0,0,5,19,75,5,1,94,65,508,67,508,14855,88,83287,577,588,1307,19,4224,49,51,2,14,9,7,1,3,88,0,0,0,82,18,100,14,4295,      53,1,1,0,0,0,District,44375
8300000,94,10,39,13,27,53,4,6,0,0,0,3,5,7,79,0,0,5,16,83,1,0,88,,,,,35609,92,100042,561,527,557,11,534,37,63,2,50,20,0,2,1,96,0,0,0,56,44,97,7,547,      53,3,2,3,1,1,Vocational Technical,
7170000,94,10,34,13,12,60,1,0,0,0,0,0,0,5,92,0,0,3,27,68,6,0,82,47,499,39,495,16669,82,69844,571,550,449,12,949,50,50,0,23,34,0,0,0,99,0,0,0,88,12,99,10,966,      16,0,1,1,0,0,District,29255
7120000,95,10,37,13,29,78,2,4,0,0,0,7,1,7,78,1,0,6,26,73,1,1,85,55,502,50,500,17134,92,74626,578,567,1301,15,1894,50,50,5,16,27,0,1,0,97,0,0,1,82,18,99,11,1944,      95,2,2,1,0,0,District,32862
1910000,95,9,31,9,19,88,1,2,0,0,0,1,1,4,92,0,1,2,21,75,5,0,84,50,502,44,497,16318,92,59315,563,571,537,16,950,50,50,1,19,27,0,0,1,98,0,1,0,81,19,99,11,968,      18,1,1,0,0,0,District,32119
8320000,95,8,30,11,15,53,,,,,,2,2,16,76,0,0,4,12,86,2,0,100,,,,,18445,97,78312,529,521,799,18,1409,47,53,1,15,22,1,0,3,95,1,0,0,58,42,98,13,1439,       3,,,,,,Vocational Technical,
7150000,95,9,37,13,9,76,5,1,0,0,0,1,1,4,90,0,0,4,8,93,0,0,94,75,519,64,506,20057,84,80765,616,598,333,13,536,52,48,0,13,13,0,1,1,98,0,0,0,79,21,100,12,543,      29,4,1,0,0,0,District,
4700000,96,7,26,2,0,96,4,2,0,0,0,18,21,9,47,0,0,4,,,,,97,61,506,56,503,,55,,583,596,754,24,1555,50,50,3,13,18,3,3,2,92,0,0,1,70,30,53,16,1584,      77,2,1,1,0,0,Charter,
1960000,96,7,21,4,4,,,,,,,0,1,5,93,0,0,2,28,61,6,6,,55,505,53,498,15634,85,63505,,,57,18,149,52,48,0,6,19,0,0,0,100,0,0,0,87,13,94,15,156,       0,,,,,,District,
1970000,94,10,42,15,11,68,2,2,0,0,0,10,2,32,52,0,0,4,12,79,9,0,80,41,496,31,491,21917,88,89833,540,516,897,18,1677,48,52,19,14,22,2,1,2,93,0,0,1,80,20,93,11,1698,      63,1,1,1,0,0,District,40323
7200000,96,8,29,8,12,62,3,1,0,0,0,1,0,6,89,0,0,3,10,84,5,1,86,41,496,38,494,12992,94,69213,553,548,607,19,1437,47,53,0,18,28,0,0,1,99,0,0,0,82,18,99,14,1483,      47,1,1,1,0,0,District,33215
7250000,96,8,27,7,0,82,0,1,0,0,0,1,3,5,88,0,0,3,7,90,2,0,95,73,512,72,510,15566,91,74745,601,609,1459,18,3337,50,50,2,16,7,0,1,1,98,0,0,0,80,20,100,12,3403,      26,0,0,0,0,0,District,45447
8520000,97,6,18,4,3,60,9,9,0,0,0,9999,9999,9999,9999,9999,9999,9999,21,71,8,0,98,,,,,19477,88,72783,520,514,380,14,674,40,59,0,36,17,1,1,1,97,0,0,0,48,52,96,10,708,      94,3,6,3,1,1,Vocational Technical,
1980000,96,7,20,5,1,85,1,1,0,0,0,3,10,6,76,0,0,5,11,87,2,0,98,64,507,64,507,15469,89,73189,584,590,2581,19,5547,49,51,3,14,9,1,2,0,97,0,0,0,82,18,100,13,5626,      54,0,0,0,0,0,District,51501
6600000,94,11,45,17,26,84,3,2,0,0,0,5,3,5,84,0,0,3,45,55,0,0,90,61,505,57,502,20656,94,84409,589,577,942,16,1506,52,48,2,14,18,1,1,2,96,0,0,0,75,25,99,11,1530,      77,1,2,1,0,1,District,
1990000,96,7,21,6,0,86,1,1,0,0,0,3,9,6,77,0,0,5,0,96,4,0,97,76,515,72,511,17307,91,91350,618,624,2283,19,5674,50,50,3,17,5,3,2,2,92,0,0,1,80,20,100,14,5735,      93,1,0,0,0,0,District,56145
4440000,95,8,29,11,14,,12,7,0,0,0,53,3,22,17,1,0,5,,,,,,50,501,31,491,,61,,,,156,29,568,50,51,7,17,38,12,6,11,65,0,0,5,78,22,59,10,585,      91,6,5,3,1,1,Charter,
2010000,93,12,46,23,38,41,1,5,0,0,1,13,1,40,40,0,0,5,8,83,9,1,59,33,491,30,489,13978,84,76004,476,479,6021,18,12799,47,53,30,21,65,6,0,6,87,0,0,1,81,19,96,14,13633,     838,2,3,1,0,0,District,22064
35130000,97,6,15,6,2,,2,18,0,0,0,90,1,7,2,0,0,0,,,,,,32,489,21,485,,47,,,,158,22,458,50,50,10,10,41,23,0,0,75,0,0,2,63,37,67,16,459,      85,3,7,5,1,3,Charter,
7280000,95,10,39,10,0,,,,,,,0,0,6,86,0,0,8,9,91,0,0,,51,501,39,495,15579,75,61313,,,24,19,159,50,50,0,18,35,0,0,3,94,0,0,3,95,6,100,11,161,       0,,,,,,District,
2040000,96,8,25,7,0,86,0,1,0,0,0,1,2,4,92,0,0,2,21,77,1,0,95,59,504,53,501,15894,91,79381,584,585,1247,18,2293,50,50,2,17,9,0,0,0,99,0,0,0,83,17,100,12,2313,      22,0,0,0,0,0,District,47977
2070000,96,8,28,8,1,81,2,1,0,0,0,5,19,8,62,0,0,7,8,89,2,0,96,70,510,71,511,18899,89,81180,622,636,5722,19,13064,49,51,7,19,9,3,4,4,87,0,0,1,78,22,99,12,13270,     277,1,1,0,0,0,District,51153
2080000,97,6,18,3,1,,,,,,,1,3,3,91,0,0,3,44,53,2,0,,66,507,73,509,14876,94,85124,,,242,21,959,46,54,2,18,5,0,0,0,100,0,0,0,92,8,100,13,975,       4,,,,,,District,
9150000,94,10,40,14,37,74,5,6,0,0,0,1,1,3,91,0,0,4,10,90,0,0,99,,,,,22638,91,70796,529,531,462,16,550,69,31,0,20,14,0,0,0,100,0,0,0,63,37,95,10,552,      50,1,4,2,1,1,Agricultural,
2090000,94,10,35,17,22,53,8,9,0,0,0,3,0,6,83,0,0,8,6,84,8,2,76,37,493,26,489,15904,90,65154,513,493,635,16,1476,51,49,1,24,59,0,0,0,99,0,0,0,82,18,96,11,1544,     180,3,3,3,1,3,District,20283
2110000,95,9,30,10,5,85,0,1,0,0,0,3,8,11,74,0,0,3,13,86,1,0,96,60,506,60,506,12738,89,80461,578,568,2670,21,4864,49,51,2,14,14,0,1,1,99,0,0,0,82,18,98,16,4949,      55,0,0,1,0,0,District,45654
2120000,96,8,25,9,14,86,1,1,0,0,0,4,7,5,80,0,0,4,16,82,2,0,95,62,506,59,503,12037,88,74467,569,573,1856,18,4292,49,51,3,16,15,1,0,1,97,0,0,0,84,16,100,15,4428,      69,0,1,1,0,0,District,38792
2150000,95,9,32,11,32,53,3,2,0,0,0,1,0,5,90,0,0,4,7,83,9,0,79,31,491,26,490,13328,89,65979,533,533,172,16,564,48,52,0,23,34,0,1,0,99,0,0,0,83,17,99,13,599,      25,2,2,1,0,0,District,35236
7350000,95,9,32,10,21,75,0,1,0,0,0,2,2,4,89,0,0,3,28,70,2,0,94,59,505,53,502,15324,90,67484,574,548,1682,19,3106,49,51,1,22,18,0,0,1,98,0,0,0,83,17,100,13,3166,      42,1,0,0,0,0,District,37524
2170000,96,7,21,5,1,89,2,1,0,0,0,1,4,3,89,0,0,3,6,93,2,0,98,69,510,68,508,15224,89,76239,575,574,1237,19,2493,50,50,1,18,8,0,0,1,99,0,0,0,76,24,100,12,2528,      58,1,1,0,0,0,District,49077
2100000,95,9,33,12,18,80,4,2,0,0,0,3,4,17,70,0,0,7,22,73,4,0,93,53,502,48,498,14932,87,61711,608,594,1285,16,2720,50,51,4,21,26,2,0,5,92,0,0,0,80,20,99,11,2769,     137,2,2,1,0,0,District,27502
4060000,94,11,43,16,24,28,7,6,0,0,0,1,0,15,82,0,0,2,1,99,0,0,96,,,,,21703,88,62731,501,482,291,14,493,42,58,1,38,33,0,0,3,97,0,0,0,52,48,98,9,512,      54,2,4,3,1,1,Agricultural,
7300000,95,9,31,12,3,89,1,1,0,0,0,1,11,5,79,0,0,3,0,99,1,1,95,,,,,16821,91,91602,596,604,793,16,1474,52,48,2,13,6,0,1,2,97,0,1,0,74,26,100,13,1487,      28,1,1,0,0,0,District,
2130000,96,7,23,6,2,,,,,,,2,13,8,73,0,1,4,0,98,2,0,,65,507,62,506,16403,93,83424,,,605,18,1640,48,52,5,20,10,1,0,1,98,0,0,0,90,10,100,13,1674,       5,,,,,,District,
2140000,95,9,32,14,21,72,4,4,0,0,0,1,1,8,85,0,0,5,21,73,6,1,91,48,499,46,497,13567,84,69589,544,526,1007,19,2213,49,52,2,15,27,0,0,1,98,0,0,0,80,20,100,13,2259,     131,2,2,1,0,0,District,33051
8530000,95,8,31,8,28,49,9,6,0,0,0,3,1,33,60,0,0,2,1,95,3,1,98,,,,,20916,89,87442,489,479,894,19,1252,47,53,4,22,34,2,1,3,94,0,0,0,50,50,98,11,1260,     153,4,4,3,1,1,Vocational Technical,
8510000,93,12,42,21,38,45,0,9,0,0,0,1,0,2,95,0,0,3,29,67,2,2,98,,,,,20295,85,75288,529,500,411,14,484,37,63,0,17,31,0,0,0,100,0,0,0,56,44,95,12,498,      43,3,2,3,1,0,Vocational Technical,
2180000,95,8,29,10,19,82,1,2,0,0,0,2,2,4,88,0,0,4,9,90,1,0,93,54,502,48,499,14272,89,77078,558,560,1068,19,2491,49,51,1,18,17,0,0,1,99,0,0,0,83,17,99,14,2523,      66,1,1,0,0,0,District,34614
2190000,96,8,29,6,17,92,1,1,0,0,0,1,2,2,93,0,0,3,4,94,2,0,99,73,511,68,508,15582,94,83511,597,579,1041,18,2207,48,52,0,15,4,0,0,0,100,0,0,0,79,21,100,13,2222,      34,1,1,0,0,0,District,43996
2200000,95,9,33,13,28,79,2,2,0,0,0,11,8,13,65,0,1,3,10,88,2,0,94,49,500,52,501,16611,94,76017,558,564,1294,17,3452,49,51,10,21,24,1,0,1,97,0,0,0,82,18,100,13,3575,     136,1,1,1,0,0,District,40685
2210000,96,8,30,9,0,,,,,,,4,1,25,62,2,0,7,19,79,1,0,,60,506,47,497,19661,98,85981,,,203,15,431,51,49,19,23,24,2,0,1,94,0,0,3,92,8,100,9,451,       0,,,,,,District,
8550000,97,6,15,5,1,56,2,3,0,0,0,2,1,3,92,0,0,2,11,83,6,0,99,,,,,20398,91,78312,516,521,276,18,531,38,63,0,24,15,0,1,0,98,0,0,1,57,43,96,10,546,      21,2,2,0,0,0,Vocational Technical,
7400000,96,8,27,9,7,85,1,2,0,0,0,2,2,2,91,0,0,4,21,78,2,0,95,66,506,66,506,15316,91,82449,567,566,646,19,1260,50,50,0,12,12,0,0,1,99,0,0,0,67,33,100,14,1278,      37,1,1,1,0,0,District,
35150000,94,10,38,11,29,,,,,,,6,2,12,81,0,0,1,,,,,,54,503,38,495,,75,,,,32,20,158,46,54,6,11,28,0,0,10,90,0,0,0,84,16,100,15,163,       4,,,,,,Charter,
2230000,94,10,40,15,5,,,,,,,2,1,8,86,0,0,4,4,91,6,0,,25,490,23,485,13229,87,63508,,,276,20,583,46,54,1,28,54,0,0,1,99,0,0,0,89,11,100,14,627,       4,,,,,,District,
2240000,95,10,41,11,17,,,,,,,2,1,7,86,1,0,3,94,6,0,0,,71,511,72,510,22914,96,85011,,,154,17,228,48,52,8,20,24,0,0,1,99,0,0,0,89,11,100,9,234,       0,,,,,,District,
2260000,94,10,32,13,25,62,1,3,0,0,0,2,2,12,79,0,0,5,6,93,1,0,87,41,497,37,494,13790,94,68432,512,518,679,20,1709,48,52,0,16,32,1,0,1,97,0,0,0,80,20,98,13,1744,      70,2,1,1,0,0,District,33078
2270000,95,9,27,13,14,69,2,5,0,0,0,3,2,11,79,0,0,5,5,90,5,0,81,47,498,33,491,14586,81,67092,548,539,844,15,1415,50,50,2,20,39,0,0,1,97,0,0,1,83,17,100,12,1498,      97,3,2,2,0,0,District,28465
8600000,96,8,28,5,12,34,0,3,0,0,0,1,0,6,89,1,0,3,14,82,5,0,84,,,,,23502,80,74207,511,495,493,12,622,38,63,0,26,35,0,0,0,100,0,0,0,48,52,91,9,636,      21,1,2,1,0,0,Vocational Technical,
35010000,82,30,79,59,5,64,0,13,0,0,0,4,0,92,4,0,0,0,,,,,87,,,,,,47,,467,453,177,14,300,55,45,13,14,72,15,0,36,49,0,0,0,70,30,79,11,316,      42,7,1,2,1,3,Charter,
2290000,94,11,40,18,38,71,2,1,0,0,0,4,2,15,78,0,0,2,12,87,0,0,83,46,498,42,495,14582,93,79011,531,531,2748,18,5938,49,51,7,20,28,0,0,1,99,0,0,0,80,20,99,13,6217,     177,1,1,1,0,0,District,31925
2300000,96,7,28,3,1,,,,,,,4,2,11,77,0,0,5,21,75,4,0,,65,509,75,510,17186,81,65645,,,42,18,127,48,52,1,26,21,4,0,11,85,0,0,0,83,17,98,11,127,       4,,,,,,District,
2310000,93,12,55,21,0,84,0,1,0,0,0,1,1,0,96,0,0,2,11,85,4,1,98,56,502,60,504,13402,91,78961,568,575,1294,18,2888,48,52,1,14,12,0,0,0,100,0,0,0,85,15,100,14,2935,      16,0,0,0,0,0,District,38250
7450000,95,9,32,8,4,87,1,2,0,0,0,1,1,5,92,0,0,2,21,78,1,0,95,49,499,38,494,15194,90,75336,576,585,1061,17,2476,47,53,0,20,11,0,0,1,99,0,0,1,82,18,99,12,2523,      52,1,0,0,0,0,District,39296
2340000,99,2,0,0,0,,4,3,0,0,0,0,1,6,90,0,0,4,21,71,7,0,,43,496,26,484,14784,83,53911,,,48,17,115,49,51,1,26,21,0,0,0,100,0,0,0,89,11,81,11,116,       8,5,1,1,0,0,District,
35080000,59,53,93,92,55,47,0,16,0,0,0,18,1,70,9,0,0,3,,,,,19,,,,,,56,,456,426,42,18,154,47,53,27,25,81,44,7,17,32,0,0,0,76,24,90,16,248,      40,0,3,5,1,7,Charter,
4930000,58,59,92,92,60,44,0,14,0,0,0,14,0,79,6,1,0,0,0,38,63,0,10,,,,,,69,,,,51,16,169,44,56,61,10,48,16,7,18,59,0,0,0,64,36,64,14,247,      35,2,3,3,1,6,Charter,
4940000,97,6,19,3,3,91,2,1,0,0,0,26,8,29,34,2,0,1,,,,,94,61,504,62,504,,65,,548,599,276,20,679,53,47,26,9,37,4,3,3,90,0,0,0,72,28,71,10,697,      14,0,1,0,0,0,Charter,
35060000,99,3,5,2,0,100,2,3,0,0,0,33,14,24,28,0,0,2,,,,,97,69,506,79,514,,69,,583,649,167,18,362,53,47,23,12,25,4,14,6,73,0,0,2,49,51,66,10,380,      17,1,3,1,0,0,Charter,
7500000,96,7,25,7,9,73,3,1,0,0,0,0,0,2,94,0,0,4,17,68,8,7,94,50,500,46,497,20147,75,62344,536,527,453,13,797,50,50,0,17,23,0,0,1,99,0,0,0,88,12,98,12,814,      24,2,0,1,0,0,District,33849
4970000,95,9,30,7,5,,,,,,,8,18,7,52,0,0,15,,,,,100,72,513,67,508,,72,,623,624,265,17,493,53,47,3,6,14,2,44,0,53,0,0,1,81,19,71,8,498,       4,,,,,,Charter,
4790000,93,12,48,18,11,75,0,1,0,0,0,8,2,16,66,0,0,8,,,,,89,62,509,49,500,,75,,595,540,367,13,404,69,30,1,23,21,5,1,8,84,1,0,0,60,40,66,9,414,       6,1,1,1,0,0,Charter,
2360000,93,13,46,23,23,65,5,3,0,0,2,11,1,15,64,0,0,9,3,89,8,0,81,34,492,33,491,15285,87,71053,536,530,2375,16,5479,49,51,4,23,50,2,1,2,94,0,0,1,80,20,96,11,5695,     458,3,3,2,0,0,District,25766
2380000,96,7,24,7,4,,,,,,,4,4,8,81,0,0,3,20,73,8,0,,56,503,53,501,16187,92,83705,,,173,19,723,48,52,4,18,16,0,3,2,95,0,0,1,92,8,100,13,738,       3,,,,,,District,
2390000,95,9,32,10,21,66,6,3,0,0,0,2,1,5,87,0,0,4,15,80,4,0,92,52,501,45,497,16541,90,70457,536,526,4854,17,7641,48,52,1,19,23,0,1,1,98,0,0,0,82,18,99,12,7742,     551,3,2,1,0,1,District,35246
2400000,96,8,31,7,29,,,,,,,0,0,2,98,0,0,1,7,93,0,0,,64,508,58,504,17366,95,75286,,,104,14,203,50,50,0,15,18,0,0,0,100,0,0,0,97,3,100,11,209,       2,,,,,,District,
4870000,96,8,30,10,0,96,2,6,0,0,0,54,8,21,13,0,0,4,,,,,99,39,495,34,492,,68,,511,518,502,20,1145,49,51,11,16,38,11,4,7,77,0,0,1,81,19,85,11,1179,      80,3,3,1,0,0,Charter,
2420000,93,12,49,23,26,,5,1,0,0,0,27,0,14,51,0,0,7,,,,,,58,501,43,496,31549,90,90272,,,98,12,120,52,48,18,23,30,0,0,0,97,0,0,3,79,21,95,7,132,       7,4,1,1,0,0,District,28544
7530000,95,9,34,13,8,68,2,4,0,0,0,1,1,5,92,0,0,2,14,82,4,1,83,48,499,46,497,14857,85,79886,558,544,946,20,2242,51,49,0,19,25,1,1,1,97,0,0,0,86,14,100,15,2315,     113,1,1,2,1,1,District,34708
7780000,95,9,36,12,13,63,2,4,0,0,0,1,0,7,89,0,0,4,41,58,2,0,89,44,497,45,498,12072,85,64738,587,564,598,18,1385,49,51,2,18,35,0,1,0,99,0,0,0,79,21,91,13,1397,      73,2,2,1,1,0,District,28982
2430000,95,8,31,13,26,74,2,3,0,0,0,7,40,6,44,0,0,3,7,92,1,0,92,60,506,54,502,16795,93,81141,541,565,4916,16,9552,48,52,15,18,35,1,4,0,93,0,0,1,82,18,99,13,9892,     375,1,1,1,0,0,District,34521
7550000,96,8,27,9,1,72,6,6,0,0,0,2,2,9,83,0,0,4,1,97,1,0,83,40,495,43,496,17198,84,65627,557,552,624,14,795,52,48,1,15,37,0,1,3,96,0,0,0,68,32,93,13,816,      77,3,4,2,1,1,District,
2440000,93,11,39,21,30,73,0,7,0,0,0,50,18,15,12,0,0,5,16,77,6,1,77,39,496,35,494,17381,88,75180,498,519,1133,18,2920,45,55,18,23,45,14,4,4,76,0,0,2,79,21,100,11,3068,     228,3,2,1,1,0,District,30876
2460000,97,6,17,4,1,92,2,1,0,0,0,3,5,3,87,0,0,2,16,81,2,0,96,68,509,63,506,13562,93,74407,579,586,1446,20,4218,48,52,1,17,8,0,1,0,98,0,0,0,84,16,100,13,4261,      87,1,1,0,0,0,District,51574
2480000,94,10,34,15,14,67,0,2,0,0,1,3,5,55,34,0,0,2,9,84,7,0,80,46,498,43,496,14039,90,84328,501,508,4870,20,7732,49,51,23,15,45,1,1,4,93,0,0,1,79,21,99,14,8063,     195,1,1,0,0,0,District,27063
2490000,95,10,45,15,0,,,,,,,1,0,7,88,0,0,4,46,50,4,0,,63,508,52,501,21561,83,73743,,,118,18,183,53,47,0,8,18,6,0,1,90,0,0,3,86,14,90,8,183,       0,,,,,,District,
4830000,96,7,22,5,3,85,3,3,0,0,0,1,2,3,88,1,0,5,,,,,100,59,503,59,503,,77,,576,532,331,18,664,50,50,0,18,9,2,2,3,92,0,0,0,72,28,73,11,678,      31,2,2,1,0,0,Charter,
4820000,96,7,25,5,24,,,,,,,1,3,4,88,0,0,4,,,,,,65,507,50,500,,96,,,,116,15,287,59,41,0,17,7,0,0,0,96,0,0,4,82,18,87,14,292,       5,,,,,,Charter,
2500000,97,6,20,3,1,,,,,,,1,0,2,91,0,0,6,6,90,4,0,,58,506,54,503,15269,95,94209,,,202,20,507,47,54,1,18,13,3,0,0,97,0,0,0,84,16,100,13,517,       0,,,,,,District,
2510000,95,9,33,13,26,73,0,3,0,0,0,5,1,14,75,0,0,4,3,96,1,0,87,46,499,40,496,15086,87,75578,542,546,1040,18,2282,49,51,6,16,33,0,0,2,98,0,0,1,86,14,100,13,2332,      82,1,1,1,0,0,District,34155
2520000,93,13,47,15,12,74,4,0,0,0,0,1,2,2,95,0,0,0,,,,,96,55,503,46,499,18506,82,78809,572,532,530,16,910,48,52,1,20,16,0,0,0,100,0,0,0,79,21,98,10,925,      36,1,2,0,0,0,District,36006
2530000,94,11,51,14,0,,,,,,,0,0,5,88,0,0,8,63,25,13,0,,53,500,57,501,23147,90,87608,,,25,14,68,50,50,0,22,28,0,0,6,88,0,0,6,80,20,100,8,73,       0,,,,,,District,
4840000,93,12,46,24,29,,6,21,0,0,0,57,1,40,1,0,0,1,,,,,,39,494,45,497,,56,,504,516,338,25,1379,50,50,22,19,55,21,3,13,59,0,0,3,62,38,59,12,1514,     340,8,7,5,2,2,Charter,
4410000,96,8,28,9,13,79,5,13,0,0,0,29,4,41,20,0,0,6,,,,,96,36,494,23,487,,78,,519,512,537,26,1568,50,50,4,12,35,10,2,9,79,0,0,0,75,25,92,25,1612,     232,5,5,3,1,1,Charter,
2580000,93,12,45,23,29,56,0,2,0,0,0,7,3,39,46,0,0,5,5,88,7,0,82,40,495,34,491,18650,78,85470,482,479,1987,15,3854,48,52,13,23,47,1,1,7,91,0,0,0,82,18,98,11,4060,     104,1,1,0,0,0,District,29080
4850000,96,9,38,7,13,91,6,5,0,0,0,10,6,40,43,0,0,2,,,,,86,56,507,54,502,,78,,542,527,254,19,468,54,46,4,15,30,1,0,12,85,0,1,0,66,34,84,11,482,      48,6,2,2,0,0,Charter,
2610000,96,8,28,9,8,82,2,1,0,0,0,1,2,2,93,1,0,1,21,79,0,0,93,54,502,52,500,16224,91,77781,551,556,1314,18,2622,50,50,1,19,15,0,1,1,98,0,0,0,86,14,100,13,2668,      72,1,1,1,0,0,District,32129
2620000,93,11,44,19,24,78,5,3,0,0,0,5,5,19,68,1,0,3,8,90,1,0,84,43,497,46,498,15821,92,73300,531,516,1385,17,2701,49,51,7,16,28,1,0,2,97,0,0,0,81,19,100,13,2765,     165,2,2,1,1,0,District,32786
2630000,94,10,39,12,17,,,,,,,5,0,3,92,0,0,0,,,,,,43,498,17,486,13970,71,46070,,,58,8,58,50,50,0,16,47,0,0,6,94,0,0,0,93,7,100,12,59,       0,,,,,,District,
2640000,95,8,29,8,9,90,0,0,0,0,0,3,1,2,93,0,0,2,18,82,1,0,92,72,510,64,506,15287,90,86646,580,575,1428,19,3001,49,51,1,13,10,0,1,0,99,0,0,0,83,17,100,13,3022,      18,0,0,0,0,0,District,47393
2650000,96,7,23,6,1,83,2,1,0,0,0,2,3,5,86,0,0,3,12,86,2,1,94,62,505,57,502,16024,94,80472,558,551,839,18,2027,50,50,4,17,14,0,1,0,98,0,0,1,80,20,100,13,2061,      62,1,1,1,0,0,District,39740
4860000,95,9,39,10,27,,4,7,0,0,0,46,0,45,7,0,0,3,36,61,3,0,,24,488,18,483,,66,,,,222,25,653,48,52,29,15,59,7,2,14,76,1,0,0,79,21,88,20,693,      64,4,4,1,0,0,Charter,
2660000,96,7,24,6,5,87,1,1,0,0,0,5,29,5,56,0,0,5,17,81,3,0,97,73,513,76,515,16253,90,77828,619,636,1666,18,3570,48,52,4,13,7,2,2,0,95,0,0,0,83,17,99,14,3607,      57,1,0,0,0,0,District,59241
8710000,96,7,24,7,0,59,6,1,0,0,0,1,1,5,91,0,0,2,11,89,0,0,99,,,,,21998,95,88878,526,517,843,17,1327,42,58,0,21,14,0,1,2,97,0,1,0,62,38,99,10,1328,      90,3,3,1,0,0,Vocational Technical,
2690000,97,6,22,3,22,,,,,,,2,8,4,80,0,0,7,10,83,4,2,,76,514,80,512,18469,97,101337,,,187,19,428,48,52,2,15,5,2,0,1,96,0,0,1,94,6,100,13,434,       1,,,,,,District,
2710000,95,9,38,11,0,85,1,1,0,0,0,3,32,8,53,0,0,4,9,89,2,0,95,73,513,70,510,13335,91,77223,595,612,2546,21,6251,50,50,4,14,10,0,2,2,95,0,0,1,87,13,100,15,6420,     113,0,1,0,0,0,District,43454
2720000,95,9,39,13,0,,,,,,,2,1,9,83,1,0,6,14,86,0,0,,70,510,58,503,21024,82,53923,,,60,14,125,56,44,0,17,32,0,3,3,92,0,0,3,91,9,100,8,128,       0,,,,,,District,
4770000,96,7,28,6,22,,0,2,0,0,0,,,,,,,,14,81,2,2,,44,499,49,499,,,,,,226,22,553,51,50,7,17,28,,,,,,,,,,,,569,      11,2,0,0,0,0,Charter,
7600000,95,8,32,10,7,74,0,7,0,0,0,2,1,2,95,0,0,1,16,83,1,0,96,61,506,63,505,15061,93,86709,580,582,785,19,1876,48,52,0,16,16,0,0,0,100,0,0,0,72,29,99,13,1907,     124,2,2,2,1,0,District,
4740000,93,11,45,23,13,61,3,8,0,0,0,6,1,24,67,0,0,2,,,,,70,47,500,23,485,,62,,531,496,229,13,360,49,51,1,24,32,2,1,6,91,0,0,0,78,23,85,9,379,      36,1,3,3,1,1,Charter,
2730000,96,8,27,7,13,,1,1,0,0,0,1,1,4,91,0,0,2,6,93,1,0,,54,502,50,499,13833,89,73544,,,911,22,1824,48,52,1,17,22,0,0,0,100,0,0,0,89,11,100,13,1850,      39,1,1,1,0,0,District,
7630000,94,10,35,12,11,83,0,6,0,0,0,1,1,4,93,0,0,1,2,97,1,0,95,,,,,15504,90,67483,562,574,536,16,1012,51,49,0,10,14,0,1,2,98,0,0,0,64,36,99,13,1016,      59,2,2,1,1,1,District,
2740000,94,10,35,15,31,66,2,2,0,0,0,10,7,41,38,0,0,4,28,70,3,0,84,49,499,45,496,19400,87,75703,543,537,2056,15,4873,47,53,21,20,41,5,2,11,81,0,0,1,79,21,98,12,5103,     202,1,2,1,0,0,District,38820
2780000,95,9,33,13,3,72,2,2,0,0,0,2,2,14,80,0,0,2,8,90,2,0,92,49,500,45,497,14321,92,74979,568,593,673,16,1934,51,50,4,16,25,0,1,1,98,0,0,0,78,22,100,13,1984,      74,1,1,1,0,0,District,27089
8290000,94,11,42,19,14,50,1,11,0,0,0,5,0,43,46,2,0,4,1,91,8,0,95,,,,,26786,90,80760,496,481,464,14,719,41,59,10,42,39,1,1,7,92,0,0,0,50,50,98,9,751,      81,3,2,1,3,2,Vocational Technical,
4880000,95,9,33,11,26,74,1,2,0,0,0,29,5,4,55,0,0,7,14,75,12,0,96,47,499,32,490,,91,,552,535,459,18,913,51,49,14,17,16,6,1,1,91,0,0,1,75,24,83,11,951,      25,2,1,0,0,0,Charter,
8730000,86,25,76,51,31,36,5,8,0,0,0,2,1,6,87,0,0,4,1,96,3,0,94,,,,,21756,89,81231,515,502,444,14,638,33,67,0,32,22,0,0,1,99,0,0,0,50,50,94,10,651,      73,4,3,3,1,1,Vocational Technical,
2750000,96,7,25,5,0,,,,,,,0,1,6,90,0,0,2,4,94,2,0,,54,502,46,497,12000,92,72794,,,185,18,515,48,52,2,21,12,0,0,0,97,0,0,3,88,12,100,14,527,       4,,,,,,District,
2760000,96,7,22,6,2,,0,0,0,0,0,1,19,5,70,0,0,6,,,,,,75,513,81,517,18738,96,87211,,,481,17,1333,49,51,6,16,4,0,0,1,97,1,0,0,89,11,100,14,1366,       7,0,0,0,0,0,District,
2770000,91,15,53,30,45,47,4,7,0,0,0,2,1,57,37,0,0,2,2,78,19,1,68,18,480,15,479,15856,57,66931,470,452,1019,18,2168,49,51,27,20,69,2,1,12,85,0,0,0,75,25,94,13,2291,     227,3,4,2,0,0,District,25942
8720000,96,8,33,10,13,48,0,4,0,0,0,35,2,12,46,0,0,6,31,66,4,0,96,,,,,19388,92,82197,481,469,719,16,1415,49,51,1,15,34,9,2,3,86,0,0,0,58,42,99,12,1449,      64,2,2,1,0,0,Vocational Technical,
7650000,95,9,35,12,21,58,,,,,,1,0,7,86,1,0,5,36,63,1,0,86,49,498,41,494,21156,85,66141,594,557,506,14,694,48,52,2,14,32,1,1,2,94,1,0,1,77,23,99,10,712,       1,,,,,,District,31416
8760000,95,8,28,8,0,48,3,4,0,0,0,1,1,10,87,0,0,1,12,79,9,0,95,,,,,18535,91,77020,516,508,955,14,1110,41,59,0,13,22,0,0,1,99,0,0,0,57,43,97,10,1129,      68,1,2,1,1,1,Vocational Technical,
7660000,95,9,36,10,23,76,4,2,0,0,0,2,1,4,91,0,0,2,23,72,4,1,94,45,498,38,495,14860,93,63507,550,546,951,16,1528,49,51,2,16,21,0,1,2,97,0,0,1,83,17,100,12,1560,      86,2,2,1,0,0,District,
7670000,94,11,39,17,0,54,1,5,0,0,0,2,1,13,81,0,0,3,5,93,2,0,82,41,496,36,493,14936,89,63736,549,539,582,16,1458,46,54,4,23,35,0,0,1,99,0,0,0,79,21,99,12,1505,      73,2,2,1,0,0,District,29838
2810000,93,12,45,23,7,53,3,7,0,0,0,19,2,67,10,0,0,2,17,77,5,1,77,30,489,24,486,15260,83,64844,431,427,14794,18,27594,48,52,18,23,75,14,1,16,69,0,0,0,79,21,93,13,28167,"   2,485",2,3,2,1,1,District,19556
35100000,95,9,40,9,28,,2,1,0,0,0,21,2,64,10,0,0,2,,,,,,72,509,77,513,,75,,,,53,30,214,49,51,23,18,68,13,0,7,79,0,0,0,92,8,83,12,224,       6,2,0,0,0,0,Charter,
2840000,95,9,32,13,0,85,0,2,0,0,0,3,5,9,80,0,0,4,11,87,3,0,93,63,506,52,501,15520,88,72302,559,550,1232,18,2366,51,50,4,20,17,1,1,0,97,0,0,1,82,18,100,12,2419,      49,1,1,0,0,0,District,40779
2850000,95,8,28,10,13,79,1,2,0,0,0,23,6,12,53,0,0,5,7,90,3,0,91,52,501,49,499,15703,88,83867,545,546,2014,17,3658,48,52,6,16,28,1,1,1,96,0,0,1,82,18,100,12,3740,     102,1,1,0,0,0,District,34262
2870000,96,6,20,4,20,,,,,,,1,2,6,86,1,0,5,16,84,0,0,,60,503,67,507,14929,96,79410,,,236,23,902,44,56,1,13,16,0,0,0,100,0,0,0,93,7,100,13,928,       1,,,,,,District,
4890000,94,10,42,15,32,87,3,0,0,0,0,3,4,6,85,1,0,3,,,,,99,,,,,,80,,595,574,518,14,823,58,42,0,14,14,1,1,2,96,0,0,0,68,32,50,10,847,      26,1,1,1,0,0,Charter,
2880000,96,6,20,4,2,,0,0,0,0,0,4,10,4,76,0,0,7,15,84,0,0,,74,513,73,512,15606,89,80592,,,1054,20,2709,48,52,2,17,5,1,0,1,96,0,0,2,85,15,100,13,2734,      13,0,0,0,0,0,District,
2890000,96,7,24,5,12,,,,,,,3,8,11,68,0,0,10,25,75,0,0,,56,504,50,500,12932,92,57348,,,169,18,236,42,58,8,23,31,0,2,2,97,0,0,0,90,10,96,10,247,       4,,,,,,District,
2900000,96,8,26,7,7,82,1,1,0,0,0,1,1,2,91,0,0,4,6,93,1,0,94,63,506,55,501,13478,98,73795,558,551,490,20,1422,51,50,1,16,9,0,0,0,99,0,0,0,81,19,99,14,1440,      16,0,1,1,0,0,District,45417
2910000,95,8,33,10,27,86,1,1,0,0,0,3,3,11,80,0,0,2,4,96,1,0,94,65,506,56,503,17216,88,77344,580,596,1309,16,2231,49,51,4,17,14,1,0,2,96,0,0,1,83,17,100,12,2271,      32,1,1,0,0,0,District,45353
2920000,95,9,35,12,21,76,3,2,0,0,0,1,1,2,94,0,0,1,8,90,2,0,95,51,501,47,498,13368,94,68924,557,548,1152,18,2086,48,52,0,13,19,1,0,0,98,0,0,0,72,28,100,13,2136,      91,1,2,1,0,0,District,32605
39020000,88,17,37,35,24,42,0,1,0,0,0,8,3,15,66,0,0,8,8,90,3,0,31,28,490,21,483,,75,,599,563,460,41,1888,58,42,1,20,41,2,5,2,91,0,0,0,70,30,99,26,2230,      15,1,0,0,0,0,District,
7700000,95,9,34,13,0,64,2,2,0,0,0,1,1,5,90,0,0,3,6,94,0,0,98,41,496,56,502,13569,92,80279,573,607,1255,15,1791,50,51,0,11,18,1,0,0,98,0,0,0,67,33,100,13,1821,      63,1,1,1,0,0,District,
2930000,94,10,38,16,31,66,1,6,0,0,0,17,1,13,64,0,0,5,11,87,2,0,89,39,494,35,491,13727,92,91703,513,502,3350,20,8277,49,51,5,20,43,1,1,2,97,0,0,0,82,18,99,15,8563,     509,2,2,2,0,1,District,28736
2950000,95,8,26,8,12,78,0,3,0,0,0,3,4,5,87,0,0,1,3,96,1,0,93,56,503,52,500,16332,91,73926,561,567,1427,20,3506,49,51,2,17,14,1,1,2,96,0,0,0,82,18,100,13,3591,     109,1,1,1,0,0,District,40351
2960000,94,10,43,14,0,,,,,,,5,0,26,61,1,0,7,17,83,0,0,,74,513,65,509,23124,86,88433,,,212,14,318,47,54,25,16,25,2,0,6,91,0,0,1,86,14,99,8,327,       0,,,,,,District,
2980000,97,6,22,3,0,,,,,,,1,1,2,93,1,0,3,27,74,0,0,,69,509,61,505,16897,92,75780,,,165,17,641,51,50,0,17,5,0,0,2,98,0,0,0,92,8,100,12,645,       1,,,,,,District,
8780000,94,10,40,15,0,45,0,9,0,0,0,1,1,6,88,0,0,4,26,68,6,0,94,,,,,18309,89,84552,534,533,573,16,980,43,57,0,27,18,1,1,0,99,0,0,0,60,40,98,12,998,      94,1,6,2,0,0,Vocational Technical,
7730000,95,9,36,13,22,81,1,1,0,0,0,1,2,3,92,0,0,2,35,65,1,0,91,53,502,45,498,16323,93,74350,552,559,1212,19,2571,49,51,1,16,19,1,0,0,99,0,0,0,80,20,99,12,2638,      45,0,1,1,0,0,District,37263
3000000,94,11,44,13,1,,,,,,,8,0,10,64,0,0,18,38,54,0,8,,53,503,33,493,29241,89,74945,,,74,15,106,56,44,0,17,28,0,0,3,97,0,0,0,84,16,100,7,110,       0,,,,,,District,
3010000,95,8,29,9,0,85,,,,,,4,7,5,82,0,0,3,10,89,2,0,97,54,502,51,500,14620,91,78556,556,575,1045,18,1714,48,52,2,16,13,0,0,0,99,0,0,0,77,23,100,13,1738,       2,,,,,,District,45243
4800000,93,12,51,23,39,,5,16,0,0,0,44,6,45,3,0,0,3,9,86,6,0,,28,488,34,491,,63,,,,142,22,496,49,51,26,21,63,17,7,7,67,0,0,2,64,36,98,12,540,      99,7,7,3,1,0,Charter,
35050000,95,9,36,13,32,,3,5,0,0,0,55,1,41,1,0,1,2,17,75,8,0,,29,488,23,484,,60,,,,210,24,750,49,51,27,19,62,26,3,7,62,0,0,1,77,23,84,13,771,      55,4,3,1,0,0,Charter,
7740000,94,10,47,14,25,,0,3,0,0,0,1,1,6,81,5,0,7,15,83,3,0,,63,508,62,506,27418,86,88310,,,203,15,398,45,56,5,25,18,0,0,2,97,0,0,1,91,9,98,9,423,      11,0,2,1,0,0,District,
8790000,95,9,30,12,13,46,5,6,0,0,0,5,2,3,85,1,0,5,6,93,1,0,97,,,,,20576,93,72208,525,532,324,15,693,38,63,0,17,22,0,0,0,99,1,0,0,39,61,97,10,721,      64,4,3,1,1,0,Vocational Technical,
3040000,95,9,35,12,11,69,1,2,0,0,0,2,1,5,90,1,0,2,15,82,3,0,84,49,500,45,497,14433,91,73790,549,534,645,19,1732,47,54,2,17,20,0,0,0,100,0,0,0,82,18,100,13,1839,      46,1,1,1,0,0,District,36342
4980000,94,11,45,16,31,,4,9,0,0,0,17,1,74,5,0,0,2,,,,,,54,500,53,499,,55,,,,90,28,308,53,47,10,23,68,21,0,7,72,0,0,0,84,16,55,12,334,      37,3,3,4,2,0,Charter,
7750000,96,7,23,6,0,83,0,2,0,0,0,2,3,5,87,0,0,2,37,61,2,0,96,67,508,64,506,12321,93,70989,589,591,3170,19,7267,50,50,2,15,9,0,0,1,99,0,0,0,83,17,100,15,7369,     138,1,1,0,0,0,District,43975
3050000,96,8,26,8,0,81,1,2,0,0,0,3,4,7,83,0,0,3,8,90,3,0,95,54,501,53,502,14986,93,73902,570,570,1406,18,3532,49,51,2,17,13,0,1,1,97,0,0,0,81,19,100,13,3582,     110,1,1,1,0,0,District,45175
3060000,96,7,21,8,20,,,,,,,2,1,1,93,1,0,3,,,,,,66,504,60,503,12877,86,72336,,,39,21,160,44,56,0,19,26,0,0,0,100,0,0,0,100,0,100,14,169,       0,,,,,,District,
3070000,96,7,23,6,13,87,0,2,0,0,0,3,6,5,82,0,0,3,5,93,2,0,96,66,508,65,507,15049,93,73201,570,566,1357,19,3845,50,50,3,14,9,0,1,1,98,0,0,0,83,17,100,13,3872,      78,1,1,0,0,0,District,42968
3080000,95,9,31,13,26,72,2,2,0,0,0,10,5,41,42,0,0,2,12,83,5,1,82,48,499,44,497,20620,88,78311,518,522,3308,16,5608,47,53,23,15,32,2,1,5,90,0,0,1,81,19,100,11,5882,     215,1,2,1,0,0,District,35641
3090000,94,11,39,19,16,58,2,2,0,0,0,2,1,6,88,0,0,4,11,84,5,1,73,40,493,27,489,13784,87,64329,541,561,392,20,1236,49,51,1,20,50,1,0,4,96,0,0,0,84,16,99,13,1296,      39,1,1,1,0,1,District,25986
3100000,94,10,40,18,24,49,6,10,0,0,0,9,1,8,70,1,0,11,22,71,6,1,79,37,494,30,489,15682,83,73938,535,538,1362,15,2350,48,52,1,25,50,1,0,0,96,0,0,3,83,17,99,12,2466,     309,3,4,3,1,1,District,30816
3140000,95,9,31,11,10,86,1,1,0,0,0,4,8,17,65,1,0,6,13,85,2,0,91,52,501,43,495,21148,90,85372,545,558,1397,17,2650,49,51,12,21,24,0,1,0,99,0,0,0,78,22,99,10,2714,      51,1,1,0,0,0,District,48778
3150000,97,6,18,5,0,89,1,0,0,0,0,5,16,5,69,0,0,6,16,82,1,0,97,78,515,76,514,18470,91,96103,629,645,1345,17,2737,49,52,4,18,6,2,2,3,93,0,0,1,79,21,100,13,2744,      37,1,0,0,0,0,District,66554
3160000,93,11,40,20,0,68,2,7,0,0,0,5,2,27,58,0,0,7,12,87,1,0,68,32,490,19,483,14649,89,72290,534,528,676,19,1862,49,51,8,20,51,2,0,1,97,0,0,0,84,16,99,13,2009,     154,2,3,2,1,1,District,26103
3170000,95,8,29,11,0,86,0,0,0,0,0,4,14,5,70,0,0,7,10,89,1,0,97,79,516,75,511,19823,90,91478,630,642,2000,18,5032,51,49,2,16,6,2,2,2,92,0,0,2,81,19,99,13,5091,      32,0,0,0,0,0,District,50385
3180000,93,11,53,19,14,,,,,,,3,1,3,83,0,0,11,92,8,0,0,,68,508,74,505,28541,72,73607,,,82,14,121,50,50,2,19,33,0,0,0,100,0,0,0,91,9,100,8,125,       0,,,,,,District,
3220000,96,8,27,7,25,78,,,,,,3,2,11,80,0,0,4,13,81,6,0,88,57,506,57,503,15770,85,91886,582,566,565,16,922,51,49,4,15,20,1,1,1,96,0,0,1,79,21,100,11,943,       0,,,,,,District,30433
3230000,96,8,26,6,8,78,2,0,0,0,0,5,1,3,86,0,0,4,23,76,1,0,99,58,502,47,499,12775,88,75743,569,554,819,19,1320,51,49,1,10,15,0,0,0,99,0,0,1,82,18,100,15,1324,      28,0,1,0,0,0,District,34388
3320000,95,9,34,15,10,68,0,3,0,0,0,4,8,19,66,0,0,3,17,81,3,0,89,48,498,48,498,13886,89,67259,545,548,1841,18,4287,48,52,12,19,46,1,0,2,96,0,0,0,81,19,99,13,4445,     132,1,1,1,0,0,District,27373
3210000,96,7,22,7,5,87,0,1,0,0,0,2,34,7,54,0,0,3,16,82,2,0,97,75,513,73,513,15495,91,78251,612,633,1942,18,3975,50,51,10,15,8,0,2,1,96,0,0,0,84,16,99,12,4113,      27,0,0,0,0,0,District,51566
3250000,94,11,39,17,10,64,3,5,0,0,0,2,3,15,76,0,0,2,9,90,2,0,88,51,500,47,498,14077,89,70275,551,541,2790,18,5472,49,51,6,19,36,1,1,2,96,0,0,0,82,18,98,13,5705,     332,2,2,2,0,1,District,27587
3260000,97,6,18,4,0,91,2,1,0,0,0,1,27,2,67,0,0,4,25,72,3,0,98,74,512,77,513,14020,93,80072,609,627,2306,18,5104,49,51,1,14,6,0,3,1,96,0,0,0,85,15,100,14,5155,     100,1,1,0,0,0,District,54094
3270000,95,8,30,9,0,,,,,,,0,1,4,94,0,0,1,,,,,,71,511,72,510,15559,87,66082,,,50,16,124,46,53,1,24,15,0,0,0,100,0,0,0,92,8,100,9,124,       0,,,,,,District,
3300000,96,7,24,6,0,83,,,,,,6,17,6,65,0,0,5,22,77,1,0,98,81,518,77,514,24226,88,99887,623,639,965,17,2119,49,51,3,17,5,2,4,3,89,0,1,1,76,24,100,12,2137,       5,,,,,,District,70352
3310000,95,9,29,10,14,77,1,2,0,0,0,0,1,4,91,0,0,4,11,88,1,0,90,53,501,55,501,14852,92,89523,580,556,760,16,1439,45,55,1,17,23,0,0,0,100,0,0,0,81,19,100,13,1467,      36,1,1,1,0,0,District,32877
3350000,97,6,20,4,7,92,0,0,0,0,0,2,11,4,80,0,0,4,8,92,1,0,99,75,514,71,511,17595,90,92716,591,609,1477,18,3153,49,51,1,17,5,1,1,2,95,0,0,1,81,19,100,13,3165,      14,0,0,0,0,0,District,60464
3360000,94,10,38,16,31,67,7,3,0,0,0,7,6,9,73,0,0,4,13,85,1,0,86,50,499,42,496,14864,89,80599,547,534,2441,19,6116,49,51,4,18,27,0,1,1,98,0,0,0,79,21,99,14,6273,     487,3,2,2,1,1,District,35688
3370000,95,9,40,10,30,,,,,,,1,1,5,91,0,0,2,25,75,0,0,,57,501,51,499,16599,100,59428,,,105,18,137,51,49,4,14,20,0,0,0,100,0,0,0,94,6,100,11,142,       0,,,,,,District,
7800000,95,9,36,12,0,77,0,1,0,0,0,2,1,5,88,0,0,3,5,94,1,0,94,52,500,44,496,12750,90,81311,548,532,1416,21,3909,49,51,1,15,18,1,0,1,98,0,0,0,80,20,100,16,3993,      38,0,0,0,0,0,District,36298
8850000,96,7,11,3,10,56,3,4,0,0,0,2,1,21,72,0,0,4,4,93,3,0,97,,,,,19084,91,83936,523,505,620,15,1249,45,55,1,22,29,0,0,1,99,0,0,0,53,47,97,11,1268,      88,2,2,3,0,0,Vocational Technical,
3400000,96,8,32,7,0,,,,,,,2,1,5,92,0,0,0,17,79,4,0,,53,503,35,497,15638,79,75082,,,73,17,166,49,51,4,21,21,0,0,0,100,0,0,0,90,10,96,10,168,       0,,,,,,District,
3410000,95,10,39,12,26,,1,0,0,0,0,,,,,,,,5,95,0,0,,75,512,72,513,14650,,66136,,,200,17,455,48,52,0,13,16,,,,,,,,,,,,465,       7,1,0,0,0,0,District,
3420000,96,7,25,7,10,83,2,1,0,0,0,1,5,4,86,0,0,3,11,86,2,1,97,58,504,63,506,16860,91,76087,561,554,1907,18,3347,49,51,1,18,9,0,1,1,98,0,0,0,84,16,100,12,3399,      86,1,1,0,0,0,District,40589
3430000,94,11,42,18,31,46,4,5,0,0,0,2,2,7,85,0,0,4,3,91,6,1,71,30,490,25,487,13972,88,71029,529,529,462,19,1288,47,53,1,19,41,1,0,1,98,0,0,0,83,17,98,14,1343,      95,3,2,1,0,0,District,29862
3440000,96,7,24,6,12,90,0,0,0,0,0,1,17,3,72,0,0,6,16,83,1,0,94,79,516,80,516,13547,88,75752,617,637,2432,19,4676,49,51,4,17,5,1,0,1,98,0,0,0,82,17,99,13,4722,      29,0,0,0,0,0,District,62712
3460000,95,9,35,14,12,79,0,2,0,0,0,1,1,16,81,0,0,2,11,85,3,0,83,56,502,52,501,13876,81,66950,540,538,720,21,2014,48,52,7,16,26,0,2,0,98,0,0,0,78,22,99,14,2096,      45,1,1,0,0,0,District,39132
3470000,95,9,31,11,24,75,0,1,0,0,0,7,8,10,71,1,0,3,12,87,1,0,90,52,501,46,498,16613,90,79061,551,552,2775,16,4596,51,49,8,16,25,0,0,2,97,0,0,0,82,18,100,12,4771,      40,0,1,0,0,0,District,39856
3480000,95,9,35,15,31,60,3,6,0,0,2,16,7,43,30,0,0,4,19,78,3,0,84,35,492,29,488,14126,87,77569,478,481,11525,17,25682,49,51,34,20,57,4,1,10,84,0,0,1,80,20,97,14,27586,"   2,345",3,3,2,1,1,District,23436
3490000,95,8,34,8,0,,,,,,,0,0,4,89,3,0,4,15,77,8,0,,41,498,29,488,15612,89,58980,,,50,7,63,59,41,0,24,40,0,0,0,100,0,0,0,84,16,91,11,67,       0,,,,,,District,
3500000,96,8,27,7,0,,,,,,,2,3,4,87,0,0,5,65,35,0,0,,73,514,64,506,15474,95,74807,,,421,20,1065,48,52,2,16,11,0,2,0,97,0,0,0,94,6,100,13,1067,       2,,,,,,District,
35160000,,,,,,,,,,,,12,1,28,55,1,0,2,,,,,,,,,,,,,,,,,,,,,,,15,3,0,82,0,0,0,54,46,80,11,,,,,,,,Charter,
35170000,,,,,,,,,,,,8,0,20,64,1,2,6,,,,,,,,,,,,,,,,,,,,,,,12,6,6,77,0,0,0,65,35,57,14,,,,,,,,Charter,
35180000,,,,,,,,,,,,0,0,93,6,1,0,0,,,,,,,,,,,,,,,,,,,,,,,19,4,23,55,0,0,0,74,26,84,9,,,,,,,,Charter,